0, 1, 0.25, 3, 7
0, 1, 0.25, 3, 6
0, 1, 0.25, 3, 10
0, 1, 0.25, 3, 4
0, 1, 0.25, 3, 3
0, 1, 0.25, 3, 9
0, 1, 0.25, 3, 6
0, 1, 0.25, 3, 10
0, 1, 0.25, 3, 10
0, 1, 0.25, 3, 5
0, 1, 0.25, 3, 1
0, 1, 0.25, 3, 3
0, 1, 0.25, 3, 4
0, 1, 0.25, 3, 1
0, 1, 0.25, 3, 6
0, 1, 0.25, 3, 7
0, 1, 0.25, 3, 3
0, 1, 0.25, 3, 2
0, 1, 0.25, 3, 5
0, 1, 0.25, 3, 2
0, 1, 0.25, 3, 4
0, 1, 0.25, 3, 4
0, 1, 0.25, 3, 7
0, 1, 0.25, 3, 1
0, 1, 0.25, 3, 4
0, 1, 0.25, 3, 1
0, 1, 0.25, 3, 9
0, 1, 0.25, 3, 9
0, 1, 0.25, 3, 10
0, 1, 0.25, 3, 1
0, 1, 0.25, 3, 1
0, 1, 0.25, 3, 5
0, 1, 0.25, 3, 5
0, 1, 0.25, 3, 8
0, 1, 0.25, 3, 7
0, 1, 0.25, 3, 6
0, 1, 0.25, 3, 3
0, 1, 0.25, 3, 1
0, 1, 0.25, 3, 4
0, 1, 0.25, 3, 9
0, 1, 0.25, 3, 2
0, 1, 0.25, 3, 9
0, 1, 0.25, 3, 4
0, 1, 0.25, 3, 6
0, 1, 0.25, 3, 7
0, 1, 0.25, 3, 9
0, 1, 0.25, 3, 5
0, 1, 0.25, 3, 2
0, 1, 0.25, 3, 5
0, 1, 0.25, 3, 5
0, 1, 0.25, 3, 7
-,-
0, 6, 0.25, 3, 15
0, 6, 0.25, 3, 22
0, 6, 0.25, 3, 8
0, 6, 0.25, 3, 34
0, 6, 0.25, 3, 12
0, 6, 0.25, 3, 21
0, 6, 0.25, 3, 21
0, 6, 0.25, 3, 15
0, 6, 0.25, 3, 16
0, 6, 0.25, 3, 16
0, 6, 0.25, 3, 20
0, 6, 0.25, 3, 17
0, 6, 0.25, 3, 13
0, 6, 0.25, 3, 13
0, 6, 0.25, 3, 17
0, 6, 0.25, 3, 17
0, 6, 0.25, 3, 16
0, 6, 0.25, 3, 11
0, 6, 0.25, 3, 18
0, 6, 0.25, 3, 15
0, 6, 0.25, 3, 14
0, 6, 0.25, 3, 14
0, 6, 0.25, 3, 17
0, 6, 0.25, 3, 19
0, 6, 0.25, 3, 12
0, 6, 0.25, 3, 20
0, 6, 0.25, 3, 15
0, 6, 0.25, 3, 17
0, 6, 0.25, 3, 10
0, 6, 0.25, 3, 15
0, 6, 0.25, 3, 18
0, 6, 0.25, 3, 12
0, 6, 0.25, 3, 23
0, 6, 0.25, 3, 17
0, 6, 0.25, 3, 26
0, 6, 0.25, 3, 34
0, 6, 0.25, 3, 20
0, 6, 0.25, 3, 11
0, 6, 0.25, 3, 20
0, 6, 0.25, 3, 19
0, 6, 0.25, 3, 12
0, 6, 0.25, 3, 23
0, 6, 0.25, 3, 14
0, 6, 0.25, 3, 19
0, 6, 0.25, 3, 12
0, 6, 0.25, 3, 29
0, 6, 0.25, 3, 17
0, 6, 0.25, 3, 8
0, 6, 0.25, 3, 23
0, 6, 0.25, 3, 12
0, 6, 0.25, 3, 18
-,-
0, 11, 0.25, 3, 40
0, 11, 0.25, 3, 23
0, 11, 0.25, 3, 27
0, 11, 0.25, 3, 29
0, 11, 0.25, 3, 31
0, 11, 0.25, 3, 30
0, 11, 0.25, 3, 37
0, 11, 0.25, 3, 26
0, 11, 0.25, 3, 30
0, 11, 0.25, 3, 25
0, 11, 0.25, 3, 19
0, 11, 0.25, 3, 30
0, 11, 0.25, 3, 32
0, 11, 0.25, 3, 23
0, 11, 0.25, 3, 17
0, 11, 0.25, 3, 29
0, 11, 0.25, 3, 30
0, 11, 0.25, 3, 26
0, 11, 0.25, 3, 29
0, 11, 0.25, 3, 26
0, 11, 0.25, 3, 29
0, 11, 0.25, 3, 21
0, 11, 0.25, 3, 31
0, 11, 0.25, 3, 29
0, 11, 0.25, 3, 40
0, 11, 0.25, 3, 21
0, 11, 0.25, 3, 23
0, 11, 0.25, 3, 21
0, 11, 0.25, 3, 28
0, 11, 0.25, 3, 25
0, 11, 0.25, 3, 23
0, 11, 0.25, 3, 21
0, 11, 0.25, 3, 39
0, 11, 0.25, 3, 25
0, 11, 0.25, 3, 26
0, 11, 0.25, 3, 17
0, 11, 0.25, 3, 18
0, 11, 0.25, 3, 21
0, 11, 0.25, 3, 28
0, 11, 0.25, 3, 19
0, 11, 0.25, 3, 27
0, 11, 0.25, 3, 23
0, 11, 0.25, 3, 25
0, 11, 0.25, 3, 26
0, 11, 0.25, 3, 14
0, 11, 0.25, 3, 28
0, 11, 0.25, 3, 35
0, 11, 0.25, 3, 30
0, 11, 0.25, 3, 44
0, 11, 0.25, 3, 18
0, 11, 0.25, 3, 18
-,-
0, 16, 0.25, 3, 37
0, 16, 0.25, 3, 59
0, 16, 0.25, 3, 36
0, 16, 0.25, 3, 38
0, 16, 0.25, 3, 35
0, 16, 0.25, 3, 34
0, 16, 0.25, 3, 32
0, 16, 0.25, 3, 26
0, 16, 0.25, 3, 42
0, 16, 0.25, 3, 39
0, 16, 0.25, 3, 33
0, 16, 0.25, 3, 39
0, 16, 0.25, 3, 30
0, 16, 0.25, 3, 39
0, 16, 0.25, 3, 36
0, 16, 0.25, 3, 39
0, 16, 0.25, 3, 45
0, 16, 0.25, 3, 34
0, 16, 0.25, 3, 46
0, 16, 0.25, 3, 37
0, 16, 0.25, 3, 53
0, 16, 0.25, 3, 40
0, 16, 0.25, 3, 64
0, 16, 0.25, 3, 39
0, 16, 0.25, 3, 48
0, 16, 0.25, 3, 42
0, 16, 0.25, 3, 32
0, 16, 0.25, 3, 33
0, 16, 0.25, 3, 23
0, 16, 0.25, 3, 30
0, 16, 0.25, 3, 30
0, 16, 0.25, 3, 31
0, 16, 0.25, 3, 37
0, 16, 0.25, 3, 32
0, 16, 0.25, 3, 43
0, 16, 0.25, 3, 35
0, 16, 0.25, 3, 37
0, 16, 0.25, 3, 51
0, 16, 0.25, 3, 49
0, 16, 0.25, 3, 43
0, 16, 0.25, 3, 39
0, 16, 0.25, 3, 52
0, 16, 0.25, 3, 44
0, 16, 0.25, 3, 28
0, 16, 0.25, 3, 22
0, 16, 0.25, 3, 32
0, 16, 0.25, 3, 33
0, 16, 0.25, 3, 33
0, 16, 0.25, 3, 34
0, 16, 0.25, 3, 46
0, 16, 0.25, 3, 30
-,-
0, 21, 0.25, 3, 54
0, 21, 0.25, 3, 52
0, 21, 0.25, 3, 53
0, 21, 0.25, 3, 32
0, 21, 0.25, 3, 46
0, 21, 0.25, 3, 48
0, 21, 0.25, 3, 38
0, 21, 0.25, 3, 58
0, 21, 0.25, 3, 61
0, 21, 0.25, 3, 67
0, 21, 0.25, 3, 42
0, 21, 0.25, 3, 42
0, 21, 0.25, 3, 45
0, 21, 0.25, 3, 40
0, 21, 0.25, 3, 42
0, 21, 0.25, 3, 46
0, 21, 0.25, 3, 49
0, 21, 0.25, 3, 64
0, 21, 0.25, 3, 39
0, 21, 0.25, 3, 39
0, 21, 0.25, 3, 58
0, 21, 0.25, 3, 77
0, 21, 0.25, 3, 45
0, 21, 0.25, 3, 44
0, 21, 0.25, 3, 49
0, 21, 0.25, 3, 43
0, 21, 0.25, 3, 39
0, 21, 0.25, 3, 44
0, 21, 0.25, 3, 45
0, 21, 0.25, 3, 39
0, 21, 0.25, 3, 44
0, 21, 0.25, 3, 46
0, 21, 0.25, 3, 39
0, 21, 0.25, 3, 42
0, 21, 0.25, 3, 33
0, 21, 0.25, 3, 62
0, 21, 0.25, 3, 44
0, 21, 0.25, 3, 49
0, 21, 0.25, 3, 50
0, 21, 0.25, 3, 51
0, 21, 0.25, 3, 49
0, 21, 0.25, 3, 44
0, 21, 0.25, 3, 45
0, 21, 0.25, 3, 36
0, 21, 0.25, 3, 47
0, 21, 0.25, 3, 58
0, 21, 0.25, 3, 38
0, 21, 0.25, 3, 40
0, 21, 0.25, 3, 37
0, 21, 0.25, 3, 42
0, 21, 0.25, 3, 39
-,-
0, 26, 0.25, 3, 56
0, 26, 0.25, 3, 60
0, 26, 0.25, 3, 69
0, 26, 0.25, 3, 60
0, 26, 0.25, 3, 50
0, 26, 0.25, 3, 72
0, 26, 0.25, 3, 52
0, 26, 0.25, 3, 60
0, 26, 0.25, 3, 73
0, 26, 0.25, 3, 49
0, 26, 0.25, 3, 57
0, 26, 0.25, 3, 70
0, 26, 0.25, 3, 49
0, 26, 0.25, 3, 69
0, 26, 0.25, 3, 74
0, 26, 0.25, 3, 66
0, 26, 0.25, 3, 51
0, 26, 0.25, 3, 56
0, 26, 0.25, 3, 47
0, 26, 0.25, 3, 50
0, 26, 0.25, 3, 55
0, 26, 0.25, 3, 60
0, 26, 0.25, 3, 48
0, 26, 0.25, 3, 80
0, 26, 0.25, 3, 58
0, 26, 0.25, 3, 61
0, 26, 0.25, 3, 54
0, 26, 0.25, 3, 62
0, 26, 0.25, 3, 53
0, 26, 0.25, 3, 46
0, 26, 0.25, 3, 67
0, 26, 0.25, 3, 69
0, 26, 0.25, 3, 67
0, 26, 0.25, 3, 51
0, 26, 0.25, 3, 78
0, 26, 0.25, 3, 88
0, 26, 0.25, 3, 44
0, 26, 0.25, 3, 73
0, 26, 0.25, 3, 66
0, 26, 0.25, 3, 66
0, 26, 0.25, 3, 64
0, 26, 0.25, 3, 54
0, 26, 0.25, 3, 61
0, 26, 0.25, 3, 41
0, 26, 0.25, 3, 55
0, 26, 0.25, 3, 63
0, 26, 0.25, 3, 65
0, 26, 0.25, 3, 66
0, 26, 0.25, 3, 76
0, 26, 0.25, 3, 52
0, 26, 0.25, 3, 56
-,-
0, 31, 0.25, 3, 104
0, 31, 0.25, 3, 66
0, 31, 0.25, 3, 64
0, 31, 0.25, 3, 73
0, 31, 0.25, 3, 66
0, 31, 0.25, 3, 68
0, 31, 0.25, 3, 94
0, 31, 0.25, 3, 69
0, 31, 0.25, 3, 77
0, 31, 0.25, 3, 64
0, 31, 0.25, 3, 81
0, 31, 0.25, 3, 74
0, 31, 0.25, 3, 61
0, 31, 0.25, 3, 72
0, 31, 0.25, 3, 57
0, 31, 0.25, 3, 65
0, 31, 0.25, 3, 71
0, 31, 0.25, 3, 64
0, 31, 0.25, 3, 63
0, 31, 0.25, 3, 61
0, 31, 0.25, 3, 77
0, 31, 0.25, 3, 62
0, 31, 0.25, 3, 68
0, 31, 0.25, 3, 71
0, 31, 0.25, 3, 71
0, 31, 0.25, 3, 86
0, 31, 0.25, 3, 60
0, 31, 0.25, 3, 77
0, 31, 0.25, 3, 59
0, 31, 0.25, 3, 58
0, 31, 0.25, 3, 89
0, 31, 0.25, 3, 73
0, 31, 0.25, 3, 76
0, 31, 0.25, 3, 78
0, 31, 0.25, 3, 60
0, 31, 0.25, 3, 74
0, 31, 0.25, 3, 92
0, 31, 0.25, 3, 76
0, 31, 0.25, 3, 68
0, 31, 0.25, 3, 71
0, 31, 0.25, 3, 66
0, 31, 0.25, 3, 79
0, 31, 0.25, 3, 67
0, 31, 0.25, 3, 70
0, 31, 0.25, 3, 70
0, 31, 0.25, 3, 71
0, 31, 0.25, 3, 57
0, 31, 0.25, 3, 84
0, 31, 0.25, 3, 56
0, 31, 0.25, 3, 86
0, 31, 0.25, 3, 87
-,-
0, 36, 0.25, 3, 79
0, 36, 0.25, 3, 92
0, 36, 0.25, 3, 84
0, 36, 0.25, 3, 79
0, 36, 0.25, 3, 58
0, 36, 0.25, 3, 81
0, 36, 0.25, 3, 81
0, 36, 0.25, 3, 80
0, 36, 0.25, 3, 78
0, 36, 0.25, 3, 79
0, 36, 0.25, 3, 75
0, 36, 0.25, 3, 85
0, 36, 0.25, 3, 77
0, 36, 0.25, 3, 101
0, 36, 0.25, 3, 85
0, 36, 0.25, 3, 75
0, 36, 0.25, 3, 85
0, 36, 0.25, 3, 85
0, 36, 0.25, 3, 87
0, 36, 0.25, 3, 89
0, 36, 0.25, 3, 92
0, 36, 0.25, 3, 81
0, 36, 0.25, 3, 66
0, 36, 0.25, 3, 80
0, 36, 0.25, 3, 78
0, 36, 0.25, 3, 79
0, 36, 0.25, 3, 97
0, 36, 0.25, 3, 64
0, 36, 0.25, 3, 81
0, 36, 0.25, 3, 84
0, 36, 0.25, 3, 82
0, 36, 0.25, 3, 90
0, 36, 0.25, 3, 81
0, 36, 0.25, 3, 84
0, 36, 0.25, 3, 89
0, 36, 0.25, 3, 77
0, 36, 0.25, 3, 75
0, 36, 0.25, 3, 110
0, 36, 0.25, 3, 67
0, 36, 0.25, 3, 67
0, 36, 0.25, 3, 92
0, 36, 0.25, 3, 80
0, 36, 0.25, 3, 73
0, 36, 0.25, 3, 70
0, 36, 0.25, 3, 80
0, 36, 0.25, 3, 68
0, 36, 0.25, 3, 68
0, 36, 0.25, 3, 62
0, 36, 0.25, 3, 80
0, 36, 0.25, 3, 59
0, 36, 0.25, 3, 76
-,-
0, 41, 0.25, 3, 83
0, 41, 0.25, 3, 71
0, 41, 0.25, 3, 90
0, 41, 0.25, 3, 87
0, 41, 0.25, 3, 106
0, 41, 0.25, 3, 91
0, 41, 0.25, 3, 93
0, 41, 0.25, 3, 72
0, 41, 0.25, 3, 91
0, 41, 0.25, 3, 103
0, 41, 0.25, 3, 95
0, 41, 0.25, 3, 80
0, 41, 0.25, 3, 104
0, 41, 0.25, 3, 101
0, 41, 0.25, 3, 109
0, 41, 0.25, 3, 105
0, 41, 0.25, 3, 102
0, 41, 0.25, 3, 99
0, 41, 0.25, 3, 88
0, 41, 0.25, 3, 98
0, 41, 0.25, 3, 101
0, 41, 0.25, 3, 85
0, 41, 0.25, 3, 88
0, 41, 0.25, 3, 87
0, 41, 0.25, 3, 93
0, 41, 0.25, 3, 104
0, 41, 0.25, 3, 88
0, 41, 0.25, 3, 97
0, 41, 0.25, 3, 81
0, 41, 0.25, 3, 100
0, 41, 0.25, 3, 74
0, 41, 0.25, 3, 88
0, 41, 0.25, 3, 95
0, 41, 0.25, 3, 76
0, 41, 0.25, 3, 132
0, 41, 0.25, 3, 107
0, 41, 0.25, 3, 107
0, 41, 0.25, 3, 88
0, 41, 0.25, 3, 90
0, 41, 0.25, 3, 113
0, 41, 0.25, 3, 81
0, 41, 0.25, 3, 139
0, 41, 0.25, 3, 96
0, 41, 0.25, 3, 85
0, 41, 0.25, 3, 83
0, 41, 0.25, 3, 77
0, 41, 0.25, 3, 93
0, 41, 0.25, 3, 98
0, 41, 0.25, 3, 107
0, 41, 0.25, 3, 88
0, 41, 0.25, 3, 85
-,-
0, 46, 0.25, 3, 114
0, 46, 0.25, 3, 92
0, 46, 0.25, 3, 99
0, 46, 0.25, 3, 109
0, 46, 0.25, 3, 101
0, 46, 0.25, 3, 116
0, 46, 0.25, 3, 106
0, 46, 0.25, 3, 111
0, 46, 0.25, 3, 120
0, 46, 0.25, 3, 92
0, 46, 0.25, 3, 93
0, 46, 0.25, 3, 121
0, 46, 0.25, 3, 89
0, 46, 0.25, 3, 116
0, 46, 0.25, 3, 93
0, 46, 0.25, 3, 114
0, 46, 0.25, 3, 101
0, 46, 0.25, 3, 107
0, 46, 0.25, 3, 97
0, 46, 0.25, 3, 95
0, 46, 0.25, 3, 111
0, 46, 0.25, 3, 119
0, 46, 0.25, 3, 106
0, 46, 0.25, 3, 106
0, 46, 0.25, 3, 96
0, 46, 0.25, 3, 103
0, 46, 0.25, 3, 116
0, 46, 0.25, 3, 105
0, 46, 0.25, 3, 93
0, 46, 0.25, 3, 91
0, 46, 0.25, 3, 117
0, 46, 0.25, 3, 111
0, 46, 0.25, 3, 104
0, 46, 0.25, 3, 123
0, 46, 0.25, 3, 105
0, 46, 0.25, 3, 91
0, 46, 0.25, 3, 106
0, 46, 0.25, 3, 85
0, 46, 0.25, 3, 102
0, 46, 0.25, 3, 95
0, 46, 0.25, 3, 108
0, 46, 0.25, 3, 96
0, 46, 0.25, 3, 107
0, 46, 0.25, 3, 106
0, 46, 0.25, 3, 122
0, 46, 0.25, 3, 124
0, 46, 0.25, 3, 88
0, 46, 0.25, 3, 136
0, 46, 0.25, 3, 97
0, 46, 0.25, 3, 87
0, 46, 0.25, 3, 124
-,-
0, 51, 0.25, 3, 114
0, 51, 0.25, 3, 107
0, 51, 0.25, 3, 129
0, 51, 0.25, 3, 144
0, 51, 0.25, 3, 146
0, 51, 0.25, 3, 104
0, 51, 0.25, 3, 112
0, 51, 0.25, 3, 85
0, 51, 0.25, 3, 142
0, 51, 0.25, 3, 146
0, 51, 0.25, 3, 108
0, 51, 0.25, 3, 140
0, 51, 0.25, 3, 117
0, 51, 0.25, 3, 120
0, 51, 0.25, 3, 129
0, 51, 0.25, 3, 112
0, 51, 0.25, 3, 91
0, 51, 0.25, 3, 117
0, 51, 0.25, 3, 124
0, 51, 0.25, 3, 110
0, 51, 0.25, 3, 113
0, 51, 0.25, 3, 116
0, 51, 0.25, 3, 132
0, 51, 0.25, 3, 77
0, 51, 0.25, 3, 105
0, 51, 0.25, 3, 107
0, 51, 0.25, 3, 123
0, 51, 0.25, 3, 108
0, 51, 0.25, 3, 95
0, 51, 0.25, 3, 103
0, 51, 0.25, 3, 116
0, 51, 0.25, 3, 111
0, 51, 0.25, 3, 107
0, 51, 0.25, 3, 121
0, 51, 0.25, 3, 119
0, 51, 0.25, 3, 117
0, 51, 0.25, 3, 127
0, 51, 0.25, 3, 119
0, 51, 0.25, 3, 145
0, 51, 0.25, 3, 127
0, 51, 0.25, 3, 120
0, 51, 0.25, 3, 92
0, 51, 0.25, 3, 120
0, 51, 0.25, 3, 105
0, 51, 0.25, 3, 138
0, 51, 0.25, 3, 110
0, 51, 0.25, 3, 95
0, 51, 0.25, 3, 118
0, 51, 0.25, 3, 117
0, 51, 0.25, 3, 117
0, 51, 0.25, 3, 95
-,-
0, 56, 0.25, 3, 116
0, 56, 0.25, 3, 141
0, 56, 0.25, 3, 114
0, 56, 0.25, 3, 145
0, 56, 0.25, 3, 131
0, 56, 0.25, 3, 152
0, 56, 0.25, 3, 120
0, 56, 0.25, 3, 147
0, 56, 0.25, 3, 133
0, 56, 0.25, 3, 106
0, 56, 0.25, 3, 112
0, 56, 0.25, 3, 142
0, 56, 0.25, 3, 108
0, 56, 0.25, 3, 118
0, 56, 0.25, 3, 147
0, 56, 0.25, 3, 94
0, 56, 0.25, 3, 101
0, 56, 0.25, 3, 106
0, 56, 0.25, 3, 127
0, 56, 0.25, 3, 137
0, 56, 0.25, 3, 119
0, 56, 0.25, 3, 117
0, 56, 0.25, 3, 110
0, 56, 0.25, 3, 119
0, 56, 0.25, 3, 103
0, 56, 0.25, 3, 132
0, 56, 0.25, 3, 142
0, 56, 0.25, 3, 110
0, 56, 0.25, 3, 126
0, 56, 0.25, 3, 145
0, 56, 0.25, 3, 108
0, 56, 0.25, 3, 111
0, 56, 0.25, 3, 121
0, 56, 0.25, 3, 114
0, 56, 0.25, 3, 109
0, 56, 0.25, 3, 125
0, 56, 0.25, 3, 114
0, 56, 0.25, 3, 105
0, 56, 0.25, 3, 148
0, 56, 0.25, 3, 115
0, 56, 0.25, 3, 133
0, 56, 0.25, 3, 106
0, 56, 0.25, 3, 110
0, 56, 0.25, 3, 121
0, 56, 0.25, 3, 124
0, 56, 0.25, 3, 131
0, 56, 0.25, 3, 130
0, 56, 0.25, 3, 141
0, 56, 0.25, 3, 120
0, 56, 0.25, 3, 134
0, 56, 0.25, 3, 133
-,-
0, 61, 0.25, 3, 151
0, 61, 0.25, 3, 161
0, 61, 0.25, 3, 154
0, 61, 0.25, 3, 138
0, 61, 0.25, 3, 150
0, 61, 0.25, 3, 137
0, 61, 0.25, 3, 137
0, 61, 0.25, 3, 139
0, 61, 0.25, 3, 114
0, 61, 0.25, 3, 155
0, 61, 0.25, 3, 128
0, 61, 0.25, 3, 141
0, 61, 0.25, 3, 130
0, 61, 0.25, 3, 123
0, 61, 0.25, 3, 116
0, 61, 0.25, 3, 139
0, 61, 0.25, 3, 122
0, 61, 0.25, 3, 118
0, 61, 0.25, 3, 149
0, 61, 0.25, 3, 126
0, 61, 0.25, 3, 146
0, 61, 0.25, 3, 123
0, 61, 0.25, 3, 138
0, 61, 0.25, 3, 131
0, 61, 0.25, 3, 127
0, 61, 0.25, 3, 154
0, 61, 0.25, 3, 138
0, 61, 0.25, 3, 154
0, 61, 0.25, 3, 131
0, 61, 0.25, 3, 155
0, 61, 0.25, 3, 116
0, 61, 0.25, 3, 129
0, 61, 0.25, 3, 135
0, 61, 0.25, 3, 118
0, 61, 0.25, 3, 127
0, 61, 0.25, 3, 134
0, 61, 0.25, 3, 149
0, 61, 0.25, 3, 131
0, 61, 0.25, 3, 137
0, 61, 0.25, 3, 116
0, 61, 0.25, 3, 128
0, 61, 0.25, 3, 166
0, 61, 0.25, 3, 153
0, 61, 0.25, 3, 149
0, 61, 0.25, 3, 124
0, 61, 0.25, 3, 121
0, 61, 0.25, 3, 129
0, 61, 0.25, 3, 133
0, 61, 0.25, 3, 131
0, 61, 0.25, 3, 140
0, 61, 0.25, 3, 115
-,-
0, 66, 0.25, 3, 150
0, 66, 0.25, 3, 154
0, 66, 0.25, 3, 129
0, 66, 0.25, 3, 126
0, 66, 0.25, 3, 152
0, 66, 0.25, 3, 158
0, 66, 0.25, 3, 136
0, 66, 0.25, 3, 139
0, 66, 0.25, 3, 149
0, 66, 0.25, 3, 139
0, 66, 0.25, 3, 133
0, 66, 0.25, 3, 125
0, 66, 0.25, 3, 140
0, 66, 0.25, 3, 149
0, 66, 0.25, 3, 149
0, 66, 0.25, 3, 146
0, 66, 0.25, 3, 176
0, 66, 0.25, 3, 168
0, 66, 0.25, 3, 139
0, 66, 0.25, 3, 133
0, 66, 0.25, 3, 154
0, 66, 0.25, 3, 160
0, 66, 0.25, 3, 132
0, 66, 0.25, 3, 156
0, 66, 0.25, 3, 139
0, 66, 0.25, 3, 139
0, 66, 0.25, 3, 146
0, 66, 0.25, 3, 152
0, 66, 0.25, 3, 159
0, 66, 0.25, 3, 167
0, 66, 0.25, 3, 148
0, 66, 0.25, 3, 166
0, 66, 0.25, 3, 189
0, 66, 0.25, 3, 122
0, 66, 0.25, 3, 145
0, 66, 0.25, 3, 163
0, 66, 0.25, 3, 121
0, 66, 0.25, 3, 134
0, 66, 0.25, 3, 129
0, 66, 0.25, 3, 137
0, 66, 0.25, 3, 141
0, 66, 0.25, 3, 151
0, 66, 0.25, 3, 147
0, 66, 0.25, 3, 144
0, 66, 0.25, 3, 123
0, 66, 0.25, 3, 162
0, 66, 0.25, 3, 119
0, 66, 0.25, 3, 135
0, 66, 0.25, 3, 133
0, 66, 0.25, 3, 152
0, 66, 0.25, 3, 161
-,-
0, 71, 0.25, 3, 156
0, 71, 0.25, 3, 181
0, 71, 0.25, 3, 175
0, 71, 0.25, 3, 152
0, 71, 0.25, 3, 152
0, 71, 0.25, 3, 142
0, 71, 0.25, 3, 171
0, 71, 0.25, 3, 144
0, 71, 0.25, 3, 175
0, 71, 0.25, 3, 167
0, 71, 0.25, 3, 130
0, 71, 0.25, 3, 147
0, 71, 0.25, 3, 165
0, 71, 0.25, 3, 159
0, 71, 0.25, 3, 151
0, 71, 0.25, 3, 172
0, 71, 0.25, 3, 162
0, 71, 0.25, 3, 154
0, 71, 0.25, 3, 149
0, 71, 0.25, 3, 142
0, 71, 0.25, 3, 149
0, 71, 0.25, 3, 146
0, 71, 0.25, 3, 160
0, 71, 0.25, 3, 153
0, 71, 0.25, 3, 159
0, 71, 0.25, 3, 183
0, 71, 0.25, 3, 150
0, 71, 0.25, 3, 152
0, 71, 0.25, 3, 151
0, 71, 0.25, 3, 149
0, 71, 0.25, 3, 168
0, 71, 0.25, 3, 155
0, 71, 0.25, 3, 161
0, 71, 0.25, 3, 144
0, 71, 0.25, 3, 162
0, 71, 0.25, 3, 171
0, 71, 0.25, 3, 143
0, 71, 0.25, 3, 167
0, 71, 0.25, 3, 170
0, 71, 0.25, 3, 143
0, 71, 0.25, 3, 183
0, 71, 0.25, 3, 161
0, 71, 0.25, 3, 177
0, 71, 0.25, 3, 141
0, 71, 0.25, 3, 135
0, 71, 0.25, 3, 151
0, 71, 0.25, 3, 131
0, 71, 0.25, 3, 143
0, 71, 0.25, 3, 183
0, 71, 0.25, 3, 164
0, 71, 0.25, 3, 137
-,-
0, 76, 0.25, 3, 162
0, 76, 0.25, 3, 163
0, 76, 0.25, 3, 150
0, 76, 0.25, 3, 190
0, 76, 0.25, 3, 165
0, 76, 0.25, 3, 192
0, 76, 0.25, 3, 152
0, 76, 0.25, 3, 146
0, 76, 0.25, 3, 177
0, 76, 0.25, 3, 177
0, 76, 0.25, 3, 164
0, 76, 0.25, 3, 162
0, 76, 0.25, 3, 154
0, 76, 0.25, 3, 138
0, 76, 0.25, 3, 185
0, 76, 0.25, 3, 220
0, 76, 0.25, 3, 185
0, 76, 0.25, 3, 149
0, 76, 0.25, 3, 212
0, 76, 0.25, 3, 161
0, 76, 0.25, 3, 168
0, 76, 0.25, 3, 158
0, 76, 0.25, 3, 160
0, 76, 0.25, 3, 171
0, 76, 0.25, 3, 160
0, 76, 0.25, 3, 163
0, 76, 0.25, 3, 164
0, 76, 0.25, 3, 180
0, 76, 0.25, 3, 165
0, 76, 0.25, 3, 201
0, 76, 0.25, 3, 172
0, 76, 0.25, 3, 160
0, 76, 0.25, 3, 211
0, 76, 0.25, 3, 148
0, 76, 0.25, 3, 132
0, 76, 0.25, 3, 189
0, 76, 0.25, 3, 192
0, 76, 0.25, 3, 160
0, 76, 0.25, 3, 173
0, 76, 0.25, 3, 185
0, 76, 0.25, 3, 185
0, 76, 0.25, 3, 148
0, 76, 0.25, 3, 155
0, 76, 0.25, 3, 151
0, 76, 0.25, 3, 209
0, 76, 0.25, 3, 171
0, 76, 0.25, 3, 172
0, 76, 0.25, 3, 142
0, 76, 0.25, 3, 193
0, 76, 0.25, 3, 174
0, 76, 0.25, 3, 183
-,-
0, 81, 0.25, 3, 189
0, 81, 0.25, 3, 196
0, 81, 0.25, 3, 168
0, 81, 0.25, 3, 189
0, 81, 0.25, 3, 180
0, 81, 0.25, 3, 186
0, 81, 0.25, 3, 200
0, 81, 0.25, 3, 180
0, 81, 0.25, 3, 176
0, 81, 0.25, 3, 169
0, 81, 0.25, 3, 179
0, 81, 0.25, 3, 166
0, 81, 0.25, 3, 202
0, 81, 0.25, 3, 162
0, 81, 0.25, 3, 154
0, 81, 0.25, 3, 163
0, 81, 0.25, 3, 185
0, 81, 0.25, 3, 183
0, 81, 0.25, 3, 166
0, 81, 0.25, 3, 149
0, 81, 0.25, 3, 188
0, 81, 0.25, 3, 172
0, 81, 0.25, 3, 185
0, 81, 0.25, 3, 160
0, 81, 0.25, 3, 187
0, 81, 0.25, 3, 187
0, 81, 0.25, 3, 168
0, 81, 0.25, 3, 160
0, 81, 0.25, 3, 206
0, 81, 0.25, 3, 160
0, 81, 0.25, 3, 186
0, 81, 0.25, 3, 169
0, 81, 0.25, 3, 168
0, 81, 0.25, 3, 188
0, 81, 0.25, 3, 164
0, 81, 0.25, 3, 149
0, 81, 0.25, 3, 207
0, 81, 0.25, 3, 177
0, 81, 0.25, 3, 198
0, 81, 0.25, 3, 170
0, 81, 0.25, 3, 159
0, 81, 0.25, 3, 201
0, 81, 0.25, 3, 211
0, 81, 0.25, 3, 193
0, 81, 0.25, 3, 163
0, 81, 0.25, 3, 147
0, 81, 0.25, 3, 173
0, 81, 0.25, 3, 167
0, 81, 0.25, 3, 165
0, 81, 0.25, 3, 166
0, 81, 0.25, 3, 180
-,-
0, 86, 0.25, 3, 195
0, 86, 0.25, 3, 224
0, 86, 0.25, 3, 176
0, 86, 0.25, 3, 194
0, 86, 0.25, 3, 196
0, 86, 0.25, 3, 181
0, 86, 0.25, 3, 177
0, 86, 0.25, 3, 201
0, 86, 0.25, 3, 174
0, 86, 0.25, 3, 214
0, 86, 0.25, 3, 163
0, 86, 0.25, 3, 197
0, 86, 0.25, 3, 194
0, 86, 0.25, 3, 187
0, 86, 0.25, 3, 179
0, 86, 0.25, 3, 175
0, 86, 0.25, 3, 201
0, 86, 0.25, 3, 167
0, 86, 0.25, 3, 177
0, 86, 0.25, 3, 155
0, 86, 0.25, 3, 168
0, 86, 0.25, 3, 208
0, 86, 0.25, 3, 209
0, 86, 0.25, 3, 198
0, 86, 0.25, 3, 201
0, 86, 0.25, 3, 157
0, 86, 0.25, 3, 187
0, 86, 0.25, 3, 168
0, 86, 0.25, 3, 184
0, 86, 0.25, 3, 174
0, 86, 0.25, 3, 194
0, 86, 0.25, 3, 184
0, 86, 0.25, 3, 195
0, 86, 0.25, 3, 180
0, 86, 0.25, 3, 186
0, 86, 0.25, 3, 217
0, 86, 0.25, 3, 165
0, 86, 0.25, 3, 182
0, 86, 0.25, 3, 203
0, 86, 0.25, 3, 220
0, 86, 0.25, 3, 184
0, 86, 0.25, 3, 194
0, 86, 0.25, 3, 172
0, 86, 0.25, 3, 201
0, 86, 0.25, 3, 195
0, 86, 0.25, 3, 184
0, 86, 0.25, 3, 167
0, 86, 0.25, 3, 196
0, 86, 0.25, 3, 224
0, 86, 0.25, 3, 167
0, 86, 0.25, 3, 200
-,-
0, 91, 0.25, 3, 195
0, 91, 0.25, 3, 190
0, 91, 0.25, 3, 206
0, 91, 0.25, 3, 182
0, 91, 0.25, 3, 196
0, 91, 0.25, 3, 238
0, 91, 0.25, 3, 214
0, 91, 0.25, 3, 207
0, 91, 0.25, 3, 221
0, 91, 0.25, 3, 226
0, 91, 0.25, 3, 258
0, 91, 0.25, 3, 193
0, 91, 0.25, 3, 184
0, 91, 0.25, 3, 229
0, 91, 0.25, 3, 209
0, 91, 0.25, 3, 212
0, 91, 0.25, 3, 168
0, 91, 0.25, 3, 234
0, 91, 0.25, 3, 195
0, 91, 0.25, 3, 179
0, 91, 0.25, 3, 191
0, 91, 0.25, 3, 187
0, 91, 0.25, 3, 194
0, 91, 0.25, 3, 193
0, 91, 0.25, 3, 217
0, 91, 0.25, 3, 190
0, 91, 0.25, 3, 182
0, 91, 0.25, 3, 205
0, 91, 0.25, 3, 187
0, 91, 0.25, 3, 189
0, 91, 0.25, 3, 219
0, 91, 0.25, 3, 177
0, 91, 0.25, 3, 182
0, 91, 0.25, 3, 169
0, 91, 0.25, 3, 200
0, 91, 0.25, 3, 173
0, 91, 0.25, 3, 193
0, 91, 0.25, 3, 183
0, 91, 0.25, 3, 188
0, 91, 0.25, 3, 190
0, 91, 0.25, 3, 194
0, 91, 0.25, 3, 205
0, 91, 0.25, 3, 207
0, 91, 0.25, 3, 171
0, 91, 0.25, 3, 222
0, 91, 0.25, 3, 199
0, 91, 0.25, 3, 196
0, 91, 0.25, 3, 214
0, 91, 0.25, 3, 165
0, 91, 0.25, 3, 217
0, 91, 0.25, 3, 201
-,-
0, 96, 0.25, 3, 241
0, 96, 0.25, 3, 224
0, 96, 0.25, 3, 188
0, 96, 0.25, 3, 219
0, 96, 0.25, 3, 223
0, 96, 0.25, 3, 188
0, 96, 0.25, 3, 202
0, 96, 0.25, 3, 208
0, 96, 0.25, 3, 237
0, 96, 0.25, 3, 228
0, 96, 0.25, 3, 191
0, 96, 0.25, 3, 215
0, 96, 0.25, 3, 193
0, 96, 0.25, 3, 205
0, 96, 0.25, 3, 210
0, 96, 0.25, 3, 197
0, 96, 0.25, 3, 213
0, 96, 0.25, 3, 175
0, 96, 0.25, 3, 199
0, 96, 0.25, 3, 173
0, 96, 0.25, 3, 227
0, 96, 0.25, 3, 223
0, 96, 0.25, 3, 224
0, 96, 0.25, 3, 192
0, 96, 0.25, 3, 222
0, 96, 0.25, 3, 244
0, 96, 0.25, 3, 225
0, 96, 0.25, 3, 209
0, 96, 0.25, 3, 199
0, 96, 0.25, 3, 207
0, 96, 0.25, 3, 219
0, 96, 0.25, 3, 197
0, 96, 0.25, 3, 228
0, 96, 0.25, 3, 183
0, 96, 0.25, 3, 222
0, 96, 0.25, 3, 204
0, 96, 0.25, 3, 218
0, 96, 0.25, 3, 196
0, 96, 0.25, 3, 211
0, 96, 0.25, 3, 214
0, 96, 0.25, 3, 205
0, 96, 0.25, 3, 242
0, 96, 0.25, 3, 204
0, 96, 0.25, 3, 204
0, 96, 0.25, 3, 212
0, 96, 0.25, 3, 225
0, 96, 0.25, 3, 226
0, 96, 0.25, 3, 207
0, 96, 0.25, 3, 179
0, 96, 0.25, 3, 186
0, 96, 0.25, 3, 206
-,-
0, 101, 0.25, 3, 243
0, 101, 0.25, 3, 228
0, 101, 0.25, 3, 215
0, 101, 0.25, 3, 220
0, 101, 0.25, 3, 214
0, 101, 0.25, 3, 271
0, 101, 0.25, 3, 219
0, 101, 0.25, 3, 239
0, 101, 0.25, 3, 212
0, 101, 0.25, 3, 206
0, 101, 0.25, 3, 202
0, 101, 0.25, 3, 207
0, 101, 0.25, 3, 225
0, 101, 0.25, 3, 235
0, 101, 0.25, 3, 198
0, 101, 0.25, 3, 222
0, 101, 0.25, 3, 199
0, 101, 0.25, 3, 220
0, 101, 0.25, 3, 190
0, 101, 0.25, 3, 248
0, 101, 0.25, 3, 236
0, 101, 0.25, 3, 220
0, 101, 0.25, 3, 211
0, 101, 0.25, 3, 229
0, 101, 0.25, 3, 200
0, 101, 0.25, 3, 199
0, 101, 0.25, 3, 211
0, 101, 0.25, 3, 224
0, 101, 0.25, 3, 208
0, 101, 0.25, 3, 237
0, 101, 0.25, 3, 196
0, 101, 0.25, 3, 230
0, 101, 0.25, 3, 232
0, 101, 0.25, 3, 194
0, 101, 0.25, 3, 213
0, 101, 0.25, 3, 199
0, 101, 0.25, 3, 216
0, 101, 0.25, 3, 268
0, 101, 0.25, 3, 209
0, 101, 0.25, 3, 219
0, 101, 0.25, 3, 221
0, 101, 0.25, 3, 237
0, 101, 0.25, 3, 233
0, 101, 0.25, 3, 235
0, 101, 0.25, 3, 196
0, 101, 0.25, 3, 217
0, 101, 0.25, 3, 199
0, 101, 0.25, 3, 236
0, 101, 0.25, 3, 210
0, 101, 0.25, 3, 245
0, 101, 0.25, 3, 223
-,-
0, 106, 0.25, 3, 250
0, 106, 0.25, 3, 231
0, 106, 0.25, 3, 227
0, 106, 0.25, 3, 216
0, 106, 0.25, 3, 289
0, 106, 0.25, 3, 200
0, 106, 0.25, 3, 260
0, 106, 0.25, 3, 232
0, 106, 0.25, 3, 209
0, 106, 0.25, 3, 228
0, 106, 0.25, 3, 240
0, 106, 0.25, 3, 218
0, 106, 0.25, 3, 231
0, 106, 0.25, 3, 246
0, 106, 0.25, 3, 236
0, 106, 0.25, 3, 208
0, 106, 0.25, 3, 180
0, 106, 0.25, 3, 215
0, 106, 0.25, 3, 200
0, 106, 0.25, 3, 209
0, 106, 0.25, 3, 246
0, 106, 0.25, 3, 219
0, 106, 0.25, 3, 232
0, 106, 0.25, 3, 274
0, 106, 0.25, 3, 242
0, 106, 0.25, 3, 202
0, 106, 0.25, 3, 222
0, 106, 0.25, 3, 231
0, 106, 0.25, 3, 224
0, 106, 0.25, 3, 223
0, 106, 0.25, 3, 229
0, 106, 0.25, 3, 218
0, 106, 0.25, 3, 212
0, 106, 0.25, 3, 240
0, 106, 0.25, 3, 240
0, 106, 0.25, 3, 232
0, 106, 0.25, 3, 220
0, 106, 0.25, 3, 239
0, 106, 0.25, 3, 247
0, 106, 0.25, 3, 237
0, 106, 0.25, 3, 223
0, 106, 0.25, 3, 226
0, 106, 0.25, 3, 221
0, 106, 0.25, 3, 222
0, 106, 0.25, 3, 209
0, 106, 0.25, 3, 241
0, 106, 0.25, 3, 215
0, 106, 0.25, 3, 208
0, 106, 0.25, 3, 236
0, 106, 0.25, 3, 220
0, 106, 0.25, 3, 207
-,-
0, 111, 0.25, 3, 252
0, 111, 0.25, 3, 223
0, 111, 0.25, 3, 262
0, 111, 0.25, 3, 220
0, 111, 0.25, 3, 257
0, 111, 0.25, 3, 217
0, 111, 0.25, 3, 300
0, 111, 0.25, 3, 231
0, 111, 0.25, 3, 245
0, 111, 0.25, 3, 230
0, 111, 0.25, 3, 271
0, 111, 0.25, 3, 235
0, 111, 0.25, 3, 233
0, 111, 0.25, 3, 247
0, 111, 0.25, 3, 256
0, 111, 0.25, 3, 256
0, 111, 0.25, 3, 242
0, 111, 0.25, 3, 265
0, 111, 0.25, 3, 222
0, 111, 0.25, 3, 252
0, 111, 0.25, 3, 248
0, 111, 0.25, 3, 243
0, 111, 0.25, 3, 267
0, 111, 0.25, 3, 236
0, 111, 0.25, 3, 231
0, 111, 0.25, 3, 280
0, 111, 0.25, 3, 241
0, 111, 0.25, 3, 233
0, 111, 0.25, 3, 254
0, 111, 0.25, 3, 218
0, 111, 0.25, 3, 234
0, 111, 0.25, 3, 233
0, 111, 0.25, 3, 256
0, 111, 0.25, 3, 261
0, 111, 0.25, 3, 252
0, 111, 0.25, 3, 220
0, 111, 0.25, 3, 249
0, 111, 0.25, 3, 248
0, 111, 0.25, 3, 267
0, 111, 0.25, 3, 230
0, 111, 0.25, 3, 272
0, 111, 0.25, 3, 274
0, 111, 0.25, 3, 256
0, 111, 0.25, 3, 246
0, 111, 0.25, 3, 248
0, 111, 0.25, 3, 261
0, 111, 0.25, 3, 205
0, 111, 0.25, 3, 226
0, 111, 0.25, 3, 255
0, 111, 0.25, 3, 248
0, 111, 0.25, 3, 229
-,-
0, 116, 0.25, 3, 276
0, 116, 0.25, 3, 239
0, 116, 0.25, 3, 284
0, 116, 0.25, 3, 249
0, 116, 0.25, 3, 259
0, 116, 0.25, 3, 234
0, 116, 0.25, 3, 238
0, 116, 0.25, 3, 262
0, 116, 0.25, 3, 283
0, 116, 0.25, 3, 221
0, 116, 0.25, 3, 267
0, 116, 0.25, 3, 260
0, 116, 0.25, 3, 247
0, 116, 0.25, 3, 243
0, 116, 0.25, 3, 249
0, 116, 0.25, 3, 268
0, 116, 0.25, 3, 274
0, 116, 0.25, 3, 261
0, 116, 0.25, 3, 272
0, 116, 0.25, 3, 247
0, 116, 0.25, 3, 231
0, 116, 0.25, 3, 274
0, 116, 0.25, 3, 259
0, 116, 0.25, 3, 257
0, 116, 0.25, 3, 256
0, 116, 0.25, 3, 225
0, 116, 0.25, 3, 223
0, 116, 0.25, 3, 252
0, 116, 0.25, 3, 234
0, 116, 0.25, 3, 235
0, 116, 0.25, 3, 301
0, 116, 0.25, 3, 228
0, 116, 0.25, 3, 231
0, 116, 0.25, 3, 269
0, 116, 0.25, 3, 254
0, 116, 0.25, 3, 257
0, 116, 0.25, 3, 235
0, 116, 0.25, 3, 305
0, 116, 0.25, 3, 248
0, 116, 0.25, 3, 223
0, 116, 0.25, 3, 249
0, 116, 0.25, 3, 261
0, 116, 0.25, 3, 267
0, 116, 0.25, 3, 244
0, 116, 0.25, 3, 278
0, 116, 0.25, 3, 277
0, 116, 0.25, 3, 235
0, 116, 0.25, 3, 269
0, 116, 0.25, 3, 269
0, 116, 0.25, 3, 275
0, 116, 0.25, 3, 225
-,-
0, 121, 0.25, 3, 277
0, 121, 0.25, 3, 260
0, 121, 0.25, 3, 229
0, 121, 0.25, 3, 256
0, 121, 0.25, 3, 265
0, 121, 0.25, 3, 241
0, 121, 0.25, 3, 261
0, 121, 0.25, 3, 289
0, 121, 0.25, 3, 277
0, 121, 0.25, 3, 263
0, 121, 0.25, 3, 285
0, 121, 0.25, 3, 261
0, 121, 0.25, 3, 301
0, 121, 0.25, 3, 281
0, 121, 0.25, 3, 283
0, 121, 0.25, 3, 260
0, 121, 0.25, 3, 242
0, 121, 0.25, 3, 283
0, 121, 0.25, 3, 281
0, 121, 0.25, 3, 245
0, 121, 0.25, 3, 256
0, 121, 0.25, 3, 257
0, 121, 0.25, 3, 273
0, 121, 0.25, 3, 253
0, 121, 0.25, 3, 254
0, 121, 0.25, 3, 287
0, 121, 0.25, 3, 249
0, 121, 0.25, 3, 270
0, 121, 0.25, 3, 267
0, 121, 0.25, 3, 227
0, 121, 0.25, 3, 261
0, 121, 0.25, 3, 256
0, 121, 0.25, 3, 237
0, 121, 0.25, 3, 248
0, 121, 0.25, 3, 263
0, 121, 0.25, 3, 276
0, 121, 0.25, 3, 277
0, 121, 0.25, 3, 261
0, 121, 0.25, 3, 222
0, 121, 0.25, 3, 265
0, 121, 0.25, 3, 290
0, 121, 0.25, 3, 261
0, 121, 0.25, 3, 243
0, 121, 0.25, 3, 250
0, 121, 0.25, 3, 256
0, 121, 0.25, 3, 258
0, 121, 0.25, 3, 284
0, 121, 0.25, 3, 238
0, 121, 0.25, 3, 263
0, 121, 0.25, 3, 271
0, 121, 0.25, 3, 252
-,-
0, 126, 0.25, 3, 282
0, 126, 0.25, 3, 265
0, 126, 0.25, 3, 257
0, 126, 0.25, 3, 298
0, 126, 0.25, 3, 276
0, 126, 0.25, 3, 275
0, 126, 0.25, 3, 287
0, 126, 0.25, 3, 278
0, 126, 0.25, 3, 321
0, 126, 0.25, 3, 299
0, 126, 0.25, 3, 260
0, 126, 0.25, 3, 283
0, 126, 0.25, 3, 275
0, 126, 0.25, 3, 245
0, 126, 0.25, 3, 283
0, 126, 0.25, 3, 265
0, 126, 0.25, 3, 266
0, 126, 0.25, 3, 294
0, 126, 0.25, 3, 275
0, 126, 0.25, 3, 282
0, 126, 0.25, 3, 270
0, 126, 0.25, 3, 313
0, 126, 0.25, 3, 254
0, 126, 0.25, 3, 258
0, 126, 0.25, 3, 261
0, 126, 0.25, 3, 319
0, 126, 0.25, 3, 247
0, 126, 0.25, 3, 271
0, 126, 0.25, 3, 252
0, 126, 0.25, 3, 247
0, 126, 0.25, 3, 285
0, 126, 0.25, 3, 284
0, 126, 0.25, 3, 280
0, 126, 0.25, 3, 284
0, 126, 0.25, 3, 254
0, 126, 0.25, 3, 317
0, 126, 0.25, 3, 283
0, 126, 0.25, 3, 274
0, 126, 0.25, 3, 301
0, 126, 0.25, 3, 250
0, 126, 0.25, 3, 315
0, 126, 0.25, 3, 252
0, 126, 0.25, 3, 294
0, 126, 0.25, 3, 301
0, 126, 0.25, 3, 304
0, 126, 0.25, 3, 270
0, 126, 0.25, 3, 263
0, 126, 0.25, 3, 257
0, 126, 0.25, 3, 292
0, 126, 0.25, 3, 294
0, 126, 0.25, 3, 261
-,-
0, 131, 0.25, 3, 269
0, 131, 0.25, 3, 315
0, 131, 0.25, 3, 305
0, 131, 0.25, 3, 255
0, 131, 0.25, 3, 313
0, 131, 0.25, 3, 269
0, 131, 0.25, 3, 275
0, 131, 0.25, 3, 263
0, 131, 0.25, 3, 284
0, 131, 0.25, 3, 288
0, 131, 0.25, 3, 313
0, 131, 0.25, 3, 317
0, 131, 0.25, 3, 306
0, 131, 0.25, 3, 300
0, 131, 0.25, 3, 294
0, 131, 0.25, 3, 316
0, 131, 0.25, 3, 281
0, 131, 0.25, 3, 274
0, 131, 0.25, 3, 320
0, 131, 0.25, 3, 327
0, 131, 0.25, 3, 298
0, 131, 0.25, 3, 260
0, 131, 0.25, 3, 303
0, 131, 0.25, 3, 306
0, 131, 0.25, 3, 300
0, 131, 0.25, 3, 279
0, 131, 0.25, 3, 261
0, 131, 0.25, 3, 269
0, 131, 0.25, 3, 312
0, 131, 0.25, 3, 268
0, 131, 0.25, 3, 297
0, 131, 0.25, 3, 330
0, 131, 0.25, 3, 269
0, 131, 0.25, 3, 286
0, 131, 0.25, 3, 269
0, 131, 0.25, 3, 289
0, 131, 0.25, 3, 314
0, 131, 0.25, 3, 285
0, 131, 0.25, 3, 252
0, 131, 0.25, 3, 329
0, 131, 0.25, 3, 276
0, 131, 0.25, 3, 301
0, 131, 0.25, 3, 297
0, 131, 0.25, 3, 264
0, 131, 0.25, 3, 268
0, 131, 0.25, 3, 263
0, 131, 0.25, 3, 273
0, 131, 0.25, 3, 275
0, 131, 0.25, 3, 285
0, 131, 0.25, 3, 284
0, 131, 0.25, 3, 325
-,-
0, 136, 0.25, 3, 301
0, 136, 0.25, 3, 323
0, 136, 0.25, 3, 301
0, 136, 0.25, 3, 292
0, 136, 0.25, 3, 275
0, 136, 0.25, 3, 289
0, 136, 0.25, 3, 307
0, 136, 0.25, 3, 320
0, 136, 0.25, 3, 320
0, 136, 0.25, 3, 309
0, 136, 0.25, 3, 298
0, 136, 0.25, 3, 307
0, 136, 0.25, 3, 311
0, 136, 0.25, 3, 295
0, 136, 0.25, 3, 301
0, 136, 0.25, 3, 305
0, 136, 0.25, 3, 267
0, 136, 0.25, 3, 287
0, 136, 0.25, 3, 317
0, 136, 0.25, 3, 308
0, 136, 0.25, 3, 334
0, 136, 0.25, 3, 287
0, 136, 0.25, 3, 281
0, 136, 0.25, 3, 268
0, 136, 0.25, 3, 314
0, 136, 0.25, 3, 301
0, 136, 0.25, 3, 291
0, 136, 0.25, 3, 274
0, 136, 0.25, 3, 300
0, 136, 0.25, 3, 293
0, 136, 0.25, 3, 302
0, 136, 0.25, 3, 287
0, 136, 0.25, 3, 310
0, 136, 0.25, 3, 280
0, 136, 0.25, 3, 299
0, 136, 0.25, 3, 285
0, 136, 0.25, 3, 271
0, 136, 0.25, 3, 313
0, 136, 0.25, 3, 303
0, 136, 0.25, 3, 298
0, 136, 0.25, 3, 259
0, 136, 0.25, 3, 275
0, 136, 0.25, 3, 329
0, 136, 0.25, 3, 281
0, 136, 0.25, 3, 310
0, 136, 0.25, 3, 297
0, 136, 0.25, 3, 290
0, 136, 0.25, 3, 292
0, 136, 0.25, 3, 267
0, 136, 0.25, 3, 277
0, 136, 0.25, 3, 290
-,-
0, 141, 0.25, 3, 334
0, 141, 0.25, 3, 302
0, 141, 0.25, 3, 342
0, 141, 0.25, 3, 305
0, 141, 0.25, 3, 296
0, 141, 0.25, 3, 340
0, 141, 0.25, 3, 291
0, 141, 0.25, 3, 304
0, 141, 0.25, 3, 323
0, 141, 0.25, 3, 313
0, 141, 0.25, 3, 348
0, 141, 0.25, 3, 307
0, 141, 0.25, 3, 325
0, 141, 0.25, 3, 296
0, 141, 0.25, 3, 283
0, 141, 0.25, 3, 324
0, 141, 0.25, 3, 335
0, 141, 0.25, 3, 353
0, 141, 0.25, 3, 285
0, 141, 0.25, 3, 287
0, 141, 0.25, 3, 360
0, 141, 0.25, 3, 293
0, 141, 0.25, 3, 253
0, 141, 0.25, 3, 265
0, 141, 0.25, 3, 305
0, 141, 0.25, 3, 304
0, 141, 0.25, 3, 320
0, 141, 0.25, 3, 323
0, 141, 0.25, 3, 310
0, 141, 0.25, 3, 313
0, 141, 0.25, 3, 329
0, 141, 0.25, 3, 322
0, 141, 0.25, 3, 283
0, 141, 0.25, 3, 344
0, 141, 0.25, 3, 279
0, 141, 0.25, 3, 327
0, 141, 0.25, 3, 336
0, 141, 0.25, 3, 305
0, 141, 0.25, 3, 276
0, 141, 0.25, 3, 284
0, 141, 0.25, 3, 299
0, 141, 0.25, 3, 290
0, 141, 0.25, 3, 342
0, 141, 0.25, 3, 316
0, 141, 0.25, 3, 363
0, 141, 0.25, 3, 275
0, 141, 0.25, 3, 279
0, 141, 0.25, 3, 321
0, 141, 0.25, 3, 292
0, 141, 0.25, 3, 328
0, 141, 0.25, 3, 324
-,-
0, 146, 0.25, 3, 357
0, 146, 0.25, 3, 366
0, 146, 0.25, 3, 320
0, 146, 0.25, 3, 280
0, 146, 0.25, 3, 314
0, 146, 0.25, 3, 299
0, 146, 0.25, 3, 340
0, 146, 0.25, 3, 319
0, 146, 0.25, 3, 314
0, 146, 0.25, 3, 321
0, 146, 0.25, 3, 277
0, 146, 0.25, 3, 301
0, 146, 0.25, 3, 313
0, 146, 0.25, 3, 345
0, 146, 0.25, 3, 319
0, 146, 0.25, 3, 338
0, 146, 0.25, 3, 339
0, 146, 0.25, 3, 302
0, 146, 0.25, 3, 308
0, 146, 0.25, 3, 324
0, 146, 0.25, 3, 330
0, 146, 0.25, 3, 285
0, 146, 0.25, 3, 337
0, 146, 0.25, 3, 316
0, 146, 0.25, 3, 338
0, 146, 0.25, 3, 310
0, 146, 0.25, 3, 325
0, 146, 0.25, 3, 315
0, 146, 0.25, 3, 320
0, 146, 0.25, 3, 298
0, 146, 0.25, 3, 323
0, 146, 0.25, 3, 338
0, 146, 0.25, 3, 318
0, 146, 0.25, 3, 301
0, 146, 0.25, 3, 339
0, 146, 0.25, 3, 294
0, 146, 0.25, 3, 342
0, 146, 0.25, 3, 326
0, 146, 0.25, 3, 329
0, 146, 0.25, 3, 307
0, 146, 0.25, 3, 325
0, 146, 0.25, 3, 337
0, 146, 0.25, 3, 322
0, 146, 0.25, 3, 327
0, 146, 0.25, 3, 307
0, 146, 0.25, 3, 356
0, 146, 0.25, 3, 327
0, 146, 0.25, 3, 335
0, 146, 0.25, 3, 319
0, 146, 0.25, 3, 286
0, 146, 0.25, 3, 316
-,-
0, 151, 0.25, 3, 345
0, 151, 0.25, 3, 336
0, 151, 0.25, 3, 306
0, 151, 0.25, 3, 290
0, 151, 0.25, 3, 299
0, 151, 0.25, 3, 301
0, 151, 0.25, 3, 299
0, 151, 0.25, 3, 296
0, 151, 0.25, 3, 338
0, 151, 0.25, 3, 312
0, 151, 0.25, 3, 297
0, 151, 0.25, 3, 333
0, 151, 0.25, 3, 342
0, 151, 0.25, 3, 325
0, 151, 0.25, 3, 282
0, 151, 0.25, 3, 339
0, 151, 0.25, 3, 299
0, 151, 0.25, 3, 359
0, 151, 0.25, 3, 333
0, 151, 0.25, 3, 305
0, 151, 0.25, 3, 336
0, 151, 0.25, 3, 340
0, 151, 0.25, 3, 319
0, 151, 0.25, 3, 323
0, 151, 0.25, 3, 303
0, 151, 0.25, 3, 344
0, 151, 0.25, 3, 292
0, 151, 0.25, 3, 300
0, 151, 0.25, 3, 321
0, 151, 0.25, 3, 336
0, 151, 0.25, 3, 319
0, 151, 0.25, 3, 336
0, 151, 0.25, 3, 370
0, 151, 0.25, 3, 321
0, 151, 0.25, 3, 329
0, 151, 0.25, 3, 371
0, 151, 0.25, 3, 356
0, 151, 0.25, 3, 297
0, 151, 0.25, 3, 310
0, 151, 0.25, 3, 304
0, 151, 0.25, 3, 372
0, 151, 0.25, 3, 325
0, 151, 0.25, 3, 379
0, 151, 0.25, 3, 291
0, 151, 0.25, 3, 363
0, 151, 0.25, 3, 309
0, 151, 0.25, 3, 292
0, 151, 0.25, 3, 343
0, 151, 0.25, 3, 313
0, 151, 0.25, 3, 331
0, 151, 0.25, 3, 336
-,-
0, 156, 0.25, 3, 307
0, 156, 0.25, 3, 365
0, 156, 0.25, 3, 337
0, 156, 0.25, 3, 360
0, 156, 0.25, 3, 344
0, 156, 0.25, 3, 353
0, 156, 0.25, 3, 351
0, 156, 0.25, 3, 370
0, 156, 0.25, 3, 338
0, 156, 0.25, 3, 343
0, 156, 0.25, 3, 353
0, 156, 0.25, 3, 299
0, 156, 0.25, 3, 323
0, 156, 0.25, 3, 363
0, 156, 0.25, 3, 356
0, 156, 0.25, 3, 317
0, 156, 0.25, 3, 355
0, 156, 0.25, 3, 308
0, 156, 0.25, 3, 327
0, 156, 0.25, 3, 362
0, 156, 0.25, 3, 338
0, 156, 0.25, 3, 340
0, 156, 0.25, 3, 324
0, 156, 0.25, 3, 362
0, 156, 0.25, 3, 367
0, 156, 0.25, 3, 326
0, 156, 0.25, 3, 338
0, 156, 0.25, 3, 311
0, 156, 0.25, 3, 333
0, 156, 0.25, 3, 337
0, 156, 0.25, 3, 316
0, 156, 0.25, 3, 342
0, 156, 0.25, 3, 324
0, 156, 0.25, 3, 339
0, 156, 0.25, 3, 294
0, 156, 0.25, 3, 326
0, 156, 0.25, 3, 335
0, 156, 0.25, 3, 329
0, 156, 0.25, 3, 341
0, 156, 0.25, 3, 350
0, 156, 0.25, 3, 361
0, 156, 0.25, 3, 320
0, 156, 0.25, 3, 321
0, 156, 0.25, 3, 319
0, 156, 0.25, 3, 337
0, 156, 0.25, 3, 371
0, 156, 0.25, 3, 355
0, 156, 0.25, 3, 299
0, 156, 0.25, 3, 313
0, 156, 0.25, 3, 330
0, 156, 0.25, 3, 349
-,-
0, 161, 0.25, 3, 359
0, 161, 0.25, 3, 332
0, 161, 0.25, 3, 324
0, 161, 0.25, 3, 354
0, 161, 0.25, 3, 356
0, 161, 0.25, 3, 329
0, 161, 0.25, 3, 401
0, 161, 0.25, 3, 332
0, 161, 0.25, 3, 376
0, 161, 0.25, 3, 367
0, 161, 0.25, 3, 322
0, 161, 0.25, 3, 402
0, 161, 0.25, 3, 342
0, 161, 0.25, 3, 373
0, 161, 0.25, 3, 369
0, 161, 0.25, 3, 394
0, 161, 0.25, 3, 380
0, 161, 0.25, 3, 321
0, 161, 0.25, 3, 328
0, 161, 0.25, 3, 340
0, 161, 0.25, 3, 343
0, 161, 0.25, 3, 336
0, 161, 0.25, 3, 352
0, 161, 0.25, 3, 348
0, 161, 0.25, 3, 364
0, 161, 0.25, 3, 379
0, 161, 0.25, 3, 369
0, 161, 0.25, 3, 327
0, 161, 0.25, 3, 364
0, 161, 0.25, 3, 335
0, 161, 0.25, 3, 353
0, 161, 0.25, 3, 404
0, 161, 0.25, 3, 325
0, 161, 0.25, 3, 343
0, 161, 0.25, 3, 339
0, 161, 0.25, 3, 346
0, 161, 0.25, 3, 360
0, 161, 0.25, 3, 336
0, 161, 0.25, 3, 334
0, 161, 0.25, 3, 344
0, 161, 0.25, 3, 356
0, 161, 0.25, 3, 344
0, 161, 0.25, 3, 383
0, 161, 0.25, 3, 331
0, 161, 0.25, 3, 365
0, 161, 0.25, 3, 373
0, 161, 0.25, 3, 381
0, 161, 0.25, 3, 379
0, 161, 0.25, 3, 418
0, 161, 0.25, 3, 373
0, 161, 0.25, 3, 326
-,-
0, 166, 0.25, 3, 364
0, 166, 0.25, 3, 356
0, 166, 0.25, 3, 370
0, 166, 0.25, 3, 334
0, 166, 0.25, 3, 358
0, 166, 0.25, 3, 390
0, 166, 0.25, 3, 356
0, 166, 0.25, 3, 406
0, 166, 0.25, 3, 372
0, 166, 0.25, 3, 387
0, 166, 0.25, 3, 359
0, 166, 0.25, 3, 378
0, 166, 0.25, 3, 335
0, 166, 0.25, 3, 375
0, 166, 0.25, 3, 342
0, 166, 0.25, 3, 331
0, 166, 0.25, 3, 323
0, 166, 0.25, 3, 363
0, 166, 0.25, 3, 446
0, 166, 0.25, 3, 377
0, 166, 0.25, 3, 343
0, 166, 0.25, 3, 371
0, 166, 0.25, 3, 375
0, 166, 0.25, 3, 405
0, 166, 0.25, 3, 335
0, 166, 0.25, 3, 337
0, 166, 0.25, 3, 357
0, 166, 0.25, 3, 367
0, 166, 0.25, 3, 353
0, 166, 0.25, 3, 378
0, 166, 0.25, 3, 338
0, 166, 0.25, 3, 378
0, 166, 0.25, 3, 387
0, 166, 0.25, 3, 376
0, 166, 0.25, 3, 360
0, 166, 0.25, 3, 347
0, 166, 0.25, 3, 365
0, 166, 0.25, 3, 360
0, 166, 0.25, 3, 391
0, 166, 0.25, 3, 384
0, 166, 0.25, 3, 356
0, 166, 0.25, 3, 371
0, 166, 0.25, 3, 345
0, 166, 0.25, 3, 406
0, 166, 0.25, 3, 353
0, 166, 0.25, 3, 329
0, 166, 0.25, 3, 326
0, 166, 0.25, 3, 360
0, 166, 0.25, 3, 382
0, 166, 0.25, 3, 347
0, 166, 0.25, 3, 339
-,-
0, 171, 0.25, 3, 383
0, 171, 0.25, 3, 332
0, 171, 0.25, 3, 351
0, 171, 0.25, 3, 433
0, 171, 0.25, 3, 375
0, 171, 0.25, 3, 367
0, 171, 0.25, 3, 356
0, 171, 0.25, 3, 406
0, 171, 0.25, 3, 377
0, 171, 0.25, 3, 369
0, 171, 0.25, 3, 324
0, 171, 0.25, 3, 386
0, 171, 0.25, 3, 390
0, 171, 0.25, 3, 389
0, 171, 0.25, 3, 400
0, 171, 0.25, 3, 370
0, 171, 0.25, 3, 386
0, 171, 0.25, 3, 373
0, 171, 0.25, 3, 402
0, 171, 0.25, 3, 350
0, 171, 0.25, 3, 413
0, 171, 0.25, 3, 401
0, 171, 0.25, 3, 392
0, 171, 0.25, 3, 320
0, 171, 0.25, 3, 434
0, 171, 0.25, 3, 346
0, 171, 0.25, 3, 355
0, 171, 0.25, 3, 362
0, 171, 0.25, 3, 385
0, 171, 0.25, 3, 411
0, 171, 0.25, 3, 400
0, 171, 0.25, 3, 370
0, 171, 0.25, 3, 377
0, 171, 0.25, 3, 385
0, 171, 0.25, 3, 396
0, 171, 0.25, 3, 337
0, 171, 0.25, 3, 377
0, 171, 0.25, 3, 351
0, 171, 0.25, 3, 346
0, 171, 0.25, 3, 378
0, 171, 0.25, 3, 364
0, 171, 0.25, 3, 437
0, 171, 0.25, 3, 367
0, 171, 0.25, 3, 406
0, 171, 0.25, 3, 338
0, 171, 0.25, 3, 347
0, 171, 0.25, 3, 429
0, 171, 0.25, 3, 361
0, 171, 0.25, 3, 363
0, 171, 0.25, 3, 382
0, 171, 0.25, 3, 406
-,-
0, 176, 0.25, 3, 392
0, 176, 0.25, 3, 408
0, 176, 0.25, 3, 352
0, 176, 0.25, 3, 384
0, 176, 0.25, 3, 374
0, 176, 0.25, 3, 385
0, 176, 0.25, 3, 344
0, 176, 0.25, 3, 388
0, 176, 0.25, 3, 400
0, 176, 0.25, 3, 386
0, 176, 0.25, 3, 412
0, 176, 0.25, 3, 414
0, 176, 0.25, 3, 360
0, 176, 0.25, 3, 376
0, 176, 0.25, 3, 433
0, 176, 0.25, 3, 393
0, 176, 0.25, 3, 372
0, 176, 0.25, 3, 392
0, 176, 0.25, 3, 385
0, 176, 0.25, 3, 399
0, 176, 0.25, 3, 354
0, 176, 0.25, 3, 381
0, 176, 0.25, 3, 432
0, 176, 0.25, 3, 347
0, 176, 0.25, 3, 371
0, 176, 0.25, 3, 366
0, 176, 0.25, 3, 393
0, 176, 0.25, 3, 394
0, 176, 0.25, 3, 386
0, 176, 0.25, 3, 396
0, 176, 0.25, 3, 399
0, 176, 0.25, 3, 354
0, 176, 0.25, 3, 347
0, 176, 0.25, 3, 360
0, 176, 0.25, 3, 360
0, 176, 0.25, 3, 399
0, 176, 0.25, 3, 405
0, 176, 0.25, 3, 364
0, 176, 0.25, 3, 407
0, 176, 0.25, 3, 378
0, 176, 0.25, 3, 429
0, 176, 0.25, 3, 357
0, 176, 0.25, 3, 357
0, 176, 0.25, 3, 393
0, 176, 0.25, 3, 395
0, 176, 0.25, 3, 372
0, 176, 0.25, 3, 373
0, 176, 0.25, 3, 378
0, 176, 0.25, 3, 409
0, 176, 0.25, 3, 368
0, 176, 0.25, 3, 381
-,-
0, 181, 0.25, 3, 422
0, 181, 0.25, 3, 390
0, 181, 0.25, 3, 406
0, 181, 0.25, 3, 392
0, 181, 0.25, 3, 388
0, 181, 0.25, 3, 392
0, 181, 0.25, 3, 432
0, 181, 0.25, 3, 385
0, 181, 0.25, 3, 397
0, 181, 0.25, 3, 419
0, 181, 0.25, 3, 431
0, 181, 0.25, 3, 426
0, 181, 0.25, 3, 398
0, 181, 0.25, 3, 420
0, 181, 0.25, 3, 401
0, 181, 0.25, 3, 368
0, 181, 0.25, 3, 381
0, 181, 0.25, 3, 391
0, 181, 0.25, 3, 369
0, 181, 0.25, 3, 394
0, 181, 0.25, 3, 376
0, 181, 0.25, 3, 384
0, 181, 0.25, 3, 389
0, 181, 0.25, 3, 419
0, 181, 0.25, 3, 368
0, 181, 0.25, 3, 350
0, 181, 0.25, 3, 413
0, 181, 0.25, 3, 400
0, 181, 0.25, 3, 383
0, 181, 0.25, 3, 400
0, 181, 0.25, 3, 411
0, 181, 0.25, 3, 387
0, 181, 0.25, 3, 376
0, 181, 0.25, 3, 401
0, 181, 0.25, 3, 404
0, 181, 0.25, 3, 367
0, 181, 0.25, 3, 397
0, 181, 0.25, 3, 370
0, 181, 0.25, 3, 408
0, 181, 0.25, 3, 377
0, 181, 0.25, 3, 372
0, 181, 0.25, 3, 433
0, 181, 0.25, 3, 393
0, 181, 0.25, 3, 416
0, 181, 0.25, 3, 368
0, 181, 0.25, 3, 407
0, 181, 0.25, 3, 364
0, 181, 0.25, 3, 421
0, 181, 0.25, 3, 383
0, 181, 0.25, 3, 387
0, 181, 0.25, 3, 336
-,-
0, 186, 0.25, 3, 416
0, 186, 0.25, 3, 404
0, 186, 0.25, 3, 423
0, 186, 0.25, 3, 426
0, 186, 0.25, 3, 414
0, 186, 0.25, 3, 373
0, 186, 0.25, 3, 380
0, 186, 0.25, 3, 433
0, 186, 0.25, 3, 388
0, 186, 0.25, 3, 390
0, 186, 0.25, 3, 376
0, 186, 0.25, 3, 475
0, 186, 0.25, 3, 375
0, 186, 0.25, 3, 402
0, 186, 0.25, 3, 426
0, 186, 0.25, 3, 381
0, 186, 0.25, 3, 389
0, 186, 0.25, 3, 369
0, 186, 0.25, 3, 398
0, 186, 0.25, 3, 384
0, 186, 0.25, 3, 386
0, 186, 0.25, 3, 436
0, 186, 0.25, 3, 416
0, 186, 0.25, 3, 367
0, 186, 0.25, 3, 374
0, 186, 0.25, 3, 417
0, 186, 0.25, 3, 392
0, 186, 0.25, 3, 369
0, 186, 0.25, 3, 406
0, 186, 0.25, 3, 396
0, 186, 0.25, 3, 390
0, 186, 0.25, 3, 416
0, 186, 0.25, 3, 424
0, 186, 0.25, 3, 387
0, 186, 0.25, 3, 396
0, 186, 0.25, 3, 418
0, 186, 0.25, 3, 402
0, 186, 0.25, 3, 439
0, 186, 0.25, 3, 439
0, 186, 0.25, 3, 391
0, 186, 0.25, 3, 439
0, 186, 0.25, 3, 417
0, 186, 0.25, 3, 422
0, 186, 0.25, 3, 413
0, 186, 0.25, 3, 428
0, 186, 0.25, 3, 492
0, 186, 0.25, 3, 402
0, 186, 0.25, 3, 461
0, 186, 0.25, 3, 389
0, 186, 0.25, 3, 353
0, 186, 0.25, 3, 423
-,-
0, 191, 0.25, 3, 405
0, 191, 0.25, 3, 440
0, 191, 0.25, 3, 401
0, 191, 0.25, 3, 398
0, 191, 0.25, 3, 406
0, 191, 0.25, 3, 419
0, 191, 0.25, 3, 413
0, 191, 0.25, 3, 407
0, 191, 0.25, 3, 437
0, 191, 0.25, 3, 433
0, 191, 0.25, 3, 370
0, 191, 0.25, 3, 404
0, 191, 0.25, 3, 376
0, 191, 0.25, 3, 381
0, 191, 0.25, 3, 355
0, 191, 0.25, 3, 461
0, 191, 0.25, 3, 372
0, 191, 0.25, 3, 429
0, 191, 0.25, 3, 415
0, 191, 0.25, 3, 414
0, 191, 0.25, 3, 385
0, 191, 0.25, 3, 404
0, 191, 0.25, 3, 412
0, 191, 0.25, 3, 399
0, 191, 0.25, 3, 456
0, 191, 0.25, 3, 390
0, 191, 0.25, 3, 373
0, 191, 0.25, 3, 430
0, 191, 0.25, 3, 401
0, 191, 0.25, 3, 414
0, 191, 0.25, 3, 402
0, 191, 0.25, 3, 387
0, 191, 0.25, 3, 394
0, 191, 0.25, 3, 391
0, 191, 0.25, 3, 432
0, 191, 0.25, 3, 406
0, 191, 0.25, 3, 421
0, 191, 0.25, 3, 398
0, 191, 0.25, 3, 418
0, 191, 0.25, 3, 398
0, 191, 0.25, 3, 404
0, 191, 0.25, 3, 461
0, 191, 0.25, 3, 392
0, 191, 0.25, 3, 401
0, 191, 0.25, 3, 401
0, 191, 0.25, 3, 439
0, 191, 0.25, 3, 413
0, 191, 0.25, 3, 392
0, 191, 0.25, 3, 400
0, 191, 0.25, 3, 423
0, 191, 0.25, 3, 401
-,-
0, 196, 0.25, 3, 440
0, 196, 0.25, 3, 435
0, 196, 0.25, 3, 386
0, 196, 0.25, 3, 398
0, 196, 0.25, 3, 428
0, 196, 0.25, 3, 430
0, 196, 0.25, 3, 418
0, 196, 0.25, 3, 480
0, 196, 0.25, 3, 458
0, 196, 0.25, 3, 419
0, 196, 0.25, 3, 439
0, 196, 0.25, 3, 389
0, 196, 0.25, 3, 403
0, 196, 0.25, 3, 424
0, 196, 0.25, 3, 402
0, 196, 0.25, 3, 434
0, 196, 0.25, 3, 426
0, 196, 0.25, 3, 445
0, 196, 0.25, 3, 442
0, 196, 0.25, 3, 435
0, 196, 0.25, 3, 467
0, 196, 0.25, 3, 427
0, 196, 0.25, 3, 404
0, 196, 0.25, 3, 394
0, 196, 0.25, 3, 422
0, 196, 0.25, 3, 436
0, 196, 0.25, 3, 449
0, 196, 0.25, 3, 447
0, 196, 0.25, 3, 432
0, 196, 0.25, 3, 424
0, 196, 0.25, 3, 425
0, 196, 0.25, 3, 382
0, 196, 0.25, 3, 443
0, 196, 0.25, 3, 416
0, 196, 0.25, 3, 404
0, 196, 0.25, 3, 457
0, 196, 0.25, 3, 452
0, 196, 0.25, 3, 409
0, 196, 0.25, 3, 459
0, 196, 0.25, 3, 372
0, 196, 0.25, 3, 461
0, 196, 0.25, 3, 426
0, 196, 0.25, 3, 438
0, 196, 0.25, 3, 414
0, 196, 0.25, 3, 413
0, 196, 0.25, 3, 399
0, 196, 0.25, 3, 379
0, 196, 0.25, 3, 424
0, 196, 0.25, 3, 415
0, 196, 0.25, 3, 450
0, 196, 0.25, 3, 403
-,-
1, 1, 0.25, 3, 8,
1, 1, 0.25, 3, 7,
1, 1, 0.25, 3, 8,
1, 1, 0.25, 3, 9,
1, 1, 0.25, 3, 6,
1, 1, 0.25, 3, 1,
1, 1, 0.25, 3, 10,
1, 1, 0.25, 3, 1,
1, 1, 0.25, 3, 3,
1, 1, 0.25, 3, 4,
1, 1, 0.25, 3, 10,
1, 1, 0.25, 3, 3,
1, 1, 0.25, 3, 10,
1, 1, 0.25, 3, 1,
1, 1, 0.25, 3, 9,
1, 1, 0.25, 3, 5,
1, 1, 0.25, 3, 8,
1, 1, 0.25, 3, 4,
1, 1, 0.25, 3, 9,
1, 1, 0.25, 3, 9,
1, 1, 0.25, 3, 7,
1, 1, 0.25, 3, 10,
1, 1, 0.25, 3, 10,
1, 1, 0.25, 3, 4,
1, 1, 0.25, 3, 8,
1, 1, 0.25, 3, 3,
1, 1, 0.25, 3, 3,
1, 1, 0.25, 3, 10,
1, 1, 0.25, 3, 5,
1, 1, 0.25, 3, 5,
1, 1, 0.25, 3, 2,
1, 1, 0.25, 3, 2,
1, 1, 0.25, 3, 10,
1, 1, 0.25, 3, 7,
1, 1, 0.25, 3, 3,
1, 1, 0.25, 3, 3,
1, 1, 0.25, 3, 6,
1, 1, 0.25, 3, 6,
1, 1, 0.25, 3, 7,
1, 1, 0.25, 3, 5,
1, 1, 0.25, 3, 2,
1, 1, 0.25, 3, 3,
1, 1, 0.25, 3, 8,
1, 1, 0.25, 3, 10,
1, 1, 0.25, 3, 5,
1, 1, 0.25, 3, 3,
1, 1, 0.25, 3, 8,
1, 1, 0.25, 3, 2,
1, 1, 0.25, 3, 4,
1, 1, 0.25, 3, 4,
1, 1, 0.25, 3, 6,
-,-
1, 6, 0.25, 3, 15,
1, 6, 0.25, 3, 15,
1, 6, 0.25, 3, 12,
1, 6, 0.25, 3, 19,
1, 6, 0.25, 3, 13,
1, 6, 0.25, 3, 11,
1, 6, 0.25, 3, 15,
1, 6, 0.25, 3, 20,
1, 6, 0.25, 3, 29,
1, 6, 0.25, 3, 13,
1, 6, 0.25, 3, 14,
1, 6, 0.25, 3, 14,
1, 6, 0.25, 3, 10,
1, 6, 0.25, 3, 16,
1, 6, 0.25, 3, 13,
1, 6, 0.25, 3, 19,
1, 6, 0.25, 3, 15,
1, 6, 0.25, 3, 22,
1, 6, 0.25, 3, 19,
1, 6, 0.25, 3, 20,
1, 6, 0.25, 3, 13,
1, 6, 0.25, 3, 18,
1, 6, 0.25, 3, 16,
1, 6, 0.25, 3, 13,
1, 6, 0.25, 3, 25,
1, 6, 0.25, 3, 16,
1, 6, 0.25, 3, 21,
1, 6, 0.25, 3, 18,
1, 6, 0.25, 3, 19,
1, 6, 0.25, 3, 15,
1, 6, 0.25, 3, 17,
1, 6, 0.25, 3, 17,
1, 6, 0.25, 3, 21,
1, 6, 0.25, 3, 19,
1, 6, 0.25, 3, 18,
1, 6, 0.25, 3, 10,
1, 6, 0.25, 3, 14,
1, 6, 0.25, 3, 15,
1, 6, 0.25, 3, 21,
1, 6, 0.25, 3, 18,
1, 6, 0.25, 3, 13,
1, 6, 0.25, 3, 14,
1, 6, 0.25, 3, 17,
1, 6, 0.25, 3, 13,
1, 6, 0.25, 3, 15,
1, 6, 0.25, 3, 13,
1, 6, 0.25, 3, 15,
1, 6, 0.25, 3, 15,
1, 6, 0.25, 3, 14,
1, 6, 0.25, 3, 23,
1, 6, 0.25, 3, 19,
-,-
1, 11, 0.25, 3, 24,
1, 11, 0.25, 3, 26,
1, 11, 0.25, 3, 32,
1, 11, 0.25, 3, 27,
1, 11, 0.25, 3, 24,
1, 11, 0.25, 3, 28,
1, 11, 0.25, 3, 25,
1, 11, 0.25, 3, 37,
1, 11, 0.25, 3, 28,
1, 11, 0.25, 3, 20,
1, 11, 0.25, 3, 34,
1, 11, 0.25, 3, 25,
1, 11, 0.25, 3, 27,
1, 11, 0.25, 3, 27,
1, 11, 0.25, 3, 37,
1, 11, 0.25, 3, 27,
1, 11, 0.25, 3, 21,
1, 11, 0.25, 3, 32,
1, 11, 0.25, 3, 35,
1, 11, 0.25, 3, 33,
1, 11, 0.25, 3, 28,
1, 11, 0.25, 3, 38,
1, 11, 0.25, 3, 26,
1, 11, 0.25, 3, 32,
1, 11, 0.25, 3, 24,
1, 11, 0.25, 3, 32,
1, 11, 0.25, 3, 36,
1, 11, 0.25, 3, 28,
1, 11, 0.25, 3, 26,
1, 11, 0.25, 3, 30,
1, 11, 0.25, 3, 31,
1, 11, 0.25, 3, 41,
1, 11, 0.25, 3, 24,
1, 11, 0.25, 3, 31,
1, 11, 0.25, 3, 25,
1, 11, 0.25, 3, 28,
1, 11, 0.25, 3, 21,
1, 11, 0.25, 3, 35,
1, 11, 0.25, 3, 20,
1, 11, 0.25, 3, 23,
1, 11, 0.25, 3, 34,
1, 11, 0.25, 3, 26,
1, 11, 0.25, 3, 21,
1, 11, 0.25, 3, 29,
1, 11, 0.25, 3, 19,
1, 11, 0.25, 3, 44,
1, 11, 0.25, 3, 36,
1, 11, 0.25, 3, 33,
1, 11, 0.25, 3, 22,
1, 11, 0.25, 3, 27,
1, 11, 0.25, 3, 32,
-,-
1, 16, 0.25, 3, 43,
1, 16, 0.25, 3, 42,
1, 16, 0.25, 3, 39,
1, 16, 0.25, 3, 35,
1, 16, 0.25, 3, 42,
1, 16, 0.25, 3, 50,
1, 16, 0.25, 3, 49,
1, 16, 0.25, 3, 31,
1, 16, 0.25, 3, 42,
1, 16, 0.25, 3, 40,
1, 16, 0.25, 3, 32,
1, 16, 0.25, 3, 40,
1, 16, 0.25, 3, 34,
1, 16, 0.25, 3, 33,
1, 16, 0.25, 3, 37,
1, 16, 0.25, 3, 41,
1, 16, 0.25, 3, 67,
1, 16, 0.25, 3, 35,
1, 16, 0.25, 3, 30,
1, 16, 0.25, 3, 50,
1, 16, 0.25, 3, 43,
1, 16, 0.25, 3, 29,
1, 16, 0.25, 3, 44,
1, 16, 0.25, 3, 36,
1, 16, 0.25, 3, 41,
1, 16, 0.25, 3, 36,
1, 16, 0.25, 3, 60,
1, 16, 0.25, 3, 44,
1, 16, 0.25, 3, 42,
1, 16, 0.25, 3, 37,
1, 16, 0.25, 3, 35,
1, 16, 0.25, 3, 40,
1, 16, 0.25, 3, 37,
1, 16, 0.25, 3, 42,
1, 16, 0.25, 3, 35,
1, 16, 0.25, 3, 48,
1, 16, 0.25, 3, 50,
1, 16, 0.25, 3, 41,
1, 16, 0.25, 3, 34,
1, 16, 0.25, 3, 37,
1, 16, 0.25, 3, 51,
1, 16, 0.25, 3, 37,
1, 16, 0.25, 3, 51,
1, 16, 0.25, 3, 40,
1, 16, 0.25, 3, 51,
1, 16, 0.25, 3, 34,
1, 16, 0.25, 3, 41,
1, 16, 0.25, 3, 49,
1, 16, 0.25, 3, 40,
1, 16, 0.25, 3, 41,
1, 16, 0.25, 3, 39,
-,-
1, 21, 0.25, 3, 56,
1, 21, 0.25, 3, 50,
1, 21, 0.25, 3, 54,
1, 21, 0.25, 3, 38,
1, 21, 0.25, 3, 63,
1, 21, 0.25, 3, 54,
1, 21, 0.25, 3, 42,
1, 21, 0.25, 3, 74,
1, 21, 0.25, 3, 44,
1, 21, 0.25, 3, 63,
1, 21, 0.25, 3, 58,
1, 21, 0.25, 3, 64,
1, 21, 0.25, 3, 63,
1, 21, 0.25, 3, 52,
1, 21, 0.25, 3, 47,
1, 21, 0.25, 3, 56,
1, 21, 0.25, 3, 48,
1, 21, 0.25, 3, 44,
1, 21, 0.25, 3, 72,
1, 21, 0.25, 3, 57,
1, 21, 0.25, 3, 65,
1, 21, 0.25, 3, 45,
1, 21, 0.25, 3, 70,
1, 21, 0.25, 3, 49,
1, 21, 0.25, 3, 55,
1, 21, 0.25, 3, 65,
1, 21, 0.25, 3, 60,
1, 21, 0.25, 3, 40,
1, 21, 0.25, 3, 54,
1, 21, 0.25, 3, 52,
1, 21, 0.25, 3, 63,
1, 21, 0.25, 3, 50,
1, 21, 0.25, 3, 50,
1, 21, 0.25, 3, 45,
1, 21, 0.25, 3, 60,
1, 21, 0.25, 3, 61,
1, 21, 0.25, 3, 50,
1, 21, 0.25, 3, 40,
1, 21, 0.25, 3, 49,
1, 21, 0.25, 3, 73,
1, 21, 0.25, 3, 52,
1, 21, 0.25, 3, 53,
1, 21, 0.25, 3, 57,
1, 21, 0.25, 3, 51,
1, 21, 0.25, 3, 62,
1, 21, 0.25, 3, 55,
1, 21, 0.25, 3, 49,
1, 21, 0.25, 3, 61,
1, 21, 0.25, 3, 71,
1, 21, 0.25, 3, 36,
1, 21, 0.25, 3, 64,
-,-
1, 26, 0.25, 3, 71,
1, 26, 0.25, 3, 72,
1, 26, 0.25, 3, 82,
1, 26, 0.25, 3, 68,
1, 26, 0.25, 3, 60,
1, 26, 0.25, 3, 56,
1, 26, 0.25, 3, 52,
1, 26, 0.25, 3, 66,
1, 26, 0.25, 3, 69,
1, 26, 0.25, 3, 69,
1, 26, 0.25, 3, 68,
1, 26, 0.25, 3, 81,
1, 26, 0.25, 3, 59,
1, 26, 0.25, 3, 71,
1, 26, 0.25, 3, 60,
1, 26, 0.25, 3, 65,
1, 26, 0.25, 3, 69,
1, 26, 0.25, 3, 64,
1, 26, 0.25, 3, 63,
1, 26, 0.25, 3, 60,
1, 26, 0.25, 3, 60,
1, 26, 0.25, 3, 66,
1, 26, 0.25, 3, 59,
1, 26, 0.25, 3, 74,
1, 26, 0.25, 3, 68,
1, 26, 0.25, 3, 73,
1, 26, 0.25, 3, 63,
1, 26, 0.25, 3, 59,
1, 26, 0.25, 3, 69,
1, 26, 0.25, 3, 54,
1, 26, 0.25, 3, 62,
1, 26, 0.25, 3, 72,
1, 26, 0.25, 3, 76,
1, 26, 0.25, 3, 63,
1, 26, 0.25, 3, 69,
1, 26, 0.25, 3, 57,
1, 26, 0.25, 3, 78,
1, 26, 0.25, 3, 64,
1, 26, 0.25, 3, 76,
1, 26, 0.25, 3, 59,
1, 26, 0.25, 3, 37,
1, 26, 0.25, 3, 60,
1, 26, 0.25, 3, 71,
1, 26, 0.25, 3, 42,
1, 26, 0.25, 3, 58,
1, 26, 0.25, 3, 58,
1, 26, 0.25, 3, 68,
1, 26, 0.25, 3, 73,
1, 26, 0.25, 3, 49,
1, 26, 0.25, 3, 73,
1, 26, 0.25, 3, 78,
-,-
1, 31, 0.25, 3, 105,
1, 31, 0.25, 3, 78,
1, 31, 0.25, 3, 79,
1, 31, 0.25, 3, 66,
1, 31, 0.25, 3, 66,
1, 31, 0.25, 3, 60,
1, 31, 0.25, 3, 78,
1, 31, 0.25, 3, 78,
1, 31, 0.25, 3, 69,
1, 31, 0.25, 3, 105,
1, 31, 0.25, 3, 78,
1, 31, 0.25, 3, 83,
1, 31, 0.25, 3, 93,
1, 31, 0.25, 3, 93,
1, 31, 0.25, 3, 73,
1, 31, 0.25, 3, 101,
1, 31, 0.25, 3, 87,
1, 31, 0.25, 3, 71,
1, 31, 0.25, 3, 66,
1, 31, 0.25, 3, 85,
1, 31, 0.25, 3, 60,
1, 31, 0.25, 3, 71,
1, 31, 0.25, 3, 65,
1, 31, 0.25, 3, 79,
1, 31, 0.25, 3, 86,
1, 31, 0.25, 3, 76,
1, 31, 0.25, 3, 90,
1, 31, 0.25, 3, 84,
1, 31, 0.25, 3, 73,
1, 31, 0.25, 3, 97,
1, 31, 0.25, 3, 73,
1, 31, 0.25, 3, 81,
1, 31, 0.25, 3, 62,
1, 31, 0.25, 3, 69,
1, 31, 0.25, 3, 88,
1, 31, 0.25, 3, 79,
1, 31, 0.25, 3, 71,
1, 31, 0.25, 3, 82,
1, 31, 0.25, 3, 72,
1, 31, 0.25, 3, 65,
1, 31, 0.25, 3, 65,
1, 31, 0.25, 3, 79,
1, 31, 0.25, 3, 82,
1, 31, 0.25, 3, 78,
1, 31, 0.25, 3, 54,
1, 31, 0.25, 3, 82,
1, 31, 0.25, 3, 88,
1, 31, 0.25, 3, 71,
1, 31, 0.25, 3, 87,
1, 31, 0.25, 3, 68,
1, 31, 0.25, 3, 75,
-,-
1, 36, 0.25, 3, 88,
1, 36, 0.25, 3, 106,
1, 36, 0.25, 3, 88,
1, 36, 0.25, 3, 109,
1, 36, 0.25, 3, 75,
1, 36, 0.25, 3, 90,
1, 36, 0.25, 3, 79,
1, 36, 0.25, 3, 99,
1, 36, 0.25, 3, 117,
1, 36, 0.25, 3, 90,
1, 36, 0.25, 3, 77,
1, 36, 0.25, 3, 69,
1, 36, 0.25, 3, 89,
1, 36, 0.25, 3, 86,
1, 36, 0.25, 3, 82,
1, 36, 0.25, 3, 94,
1, 36, 0.25, 3, 83,
1, 36, 0.25, 3, 89,
1, 36, 0.25, 3, 65,
1, 36, 0.25, 3, 90,
1, 36, 0.25, 3, 89,
1, 36, 0.25, 3, 83,
1, 36, 0.25, 3, 83,
1, 36, 0.25, 3, 85,
1, 36, 0.25, 3, 84,
1, 36, 0.25, 3, 80,
1, 36, 0.25, 3, 87,
1, 36, 0.25, 3, 66,
1, 36, 0.25, 3, 71,
1, 36, 0.25, 3, 92,
1, 36, 0.25, 3, 86,
1, 36, 0.25, 3, 95,
1, 36, 0.25, 3, 73,
1, 36, 0.25, 3, 96,
1, 36, 0.25, 3, 79,
1, 36, 0.25, 3, 97,
1, 36, 0.25, 3, 73,
1, 36, 0.25, 3, 101,
1, 36, 0.25, 3, 83,
1, 36, 0.25, 3, 102,
1, 36, 0.25, 3, 79,
1, 36, 0.25, 3, 82,
1, 36, 0.25, 3, 114,
1, 36, 0.25, 3, 77,
1, 36, 0.25, 3, 96,
1, 36, 0.25, 3, 107,
1, 36, 0.25, 3, 108,
1, 36, 0.25, 3, 81,
1, 36, 0.25, 3, 90,
1, 36, 0.25, 3, 89,
1, 36, 0.25, 3, 102,
-,-
1, 41, 0.25, 3, 95,
1, 41, 0.25, 3, 112,
1, 41, 0.25, 3, 121,
1, 41, 0.25, 3, 95,
1, 41, 0.25, 3, 106,
1, 41, 0.25, 3, 109,
1, 41, 0.25, 3, 93,
1, 41, 0.25, 3, 119,
1, 41, 0.25, 3, 99,
1, 41, 0.25, 3, 112,
1, 41, 0.25, 3, 78,
1, 41, 0.25, 3, 115,
1, 41, 0.25, 3, 95,
1, 41, 0.25, 3, 82,
1, 41, 0.25, 3, 119,
1, 41, 0.25, 3, 114,
1, 41, 0.25, 3, 132,
1, 41, 0.25, 3, 91,
1, 41, 0.25, 3, 99,
1, 41, 0.25, 3, 117,
1, 41, 0.25, 3, 86,
1, 41, 0.25, 3, 87,
1, 41, 0.25, 3, 115,
1, 41, 0.25, 3, 119,
1, 41, 0.25, 3, 102,
1, 41, 0.25, 3, 91,
1, 41, 0.25, 3, 94,
1, 41, 0.25, 3, 118,
1, 41, 0.25, 3, 99,
1, 41, 0.25, 3, 98,
1, 41, 0.25, 3, 109,
1, 41, 0.25, 3, 105,
1, 41, 0.25, 3, 100,
1, 41, 0.25, 3, 112,
1, 41, 0.25, 3, 104,
1, 41, 0.25, 3, 110,
1, 41, 0.25, 3, 95,
1, 41, 0.25, 3, 85,
1, 41, 0.25, 3, 87,
1, 41, 0.25, 3, 109,
1, 41, 0.25, 3, 81,
1, 41, 0.25, 3, 83,
1, 41, 0.25, 3, 116,
1, 41, 0.25, 3, 97,
1, 41, 0.25, 3, 99,
1, 41, 0.25, 3, 98,
1, 41, 0.25, 3, 101,
1, 41, 0.25, 3, 100,
1, 41, 0.25, 3, 108,
1, 41, 0.25, 3, 119,
1, 41, 0.25, 3, 108,
-,-
1, 46, 0.25, 3, 103,
1, 46, 0.25, 3, 101,
1, 46, 0.25, 3, 118,
1, 46, 0.25, 3, 116,
1, 46, 0.25, 3, 85,
1, 46, 0.25, 3, 103,
1, 46, 0.25, 3, 98,
1, 46, 0.25, 3, 129,
1, 46, 0.25, 3, 106,
1, 46, 0.25, 3, 129,
1, 46, 0.25, 3, 109,
1, 46, 0.25, 3, 89,
1, 46, 0.25, 3, 118,
1, 46, 0.25, 3, 127,
1, 46, 0.25, 3, 110,
1, 46, 0.25, 3, 111,
1, 46, 0.25, 3, 92,
1, 46, 0.25, 3, 111,
1, 46, 0.25, 3, 101,
1, 46, 0.25, 3, 119,
1, 46, 0.25, 3, 114,
1, 46, 0.25, 3, 127,
1, 46, 0.25, 3, 136,
1, 46, 0.25, 3, 128,
1, 46, 0.25, 3, 117,
1, 46, 0.25, 3, 110,
1, 46, 0.25, 3, 91,
1, 46, 0.25, 3, 107,
1, 46, 0.25, 3, 103,
1, 46, 0.25, 3, 118,
1, 46, 0.25, 3, 102,
1, 46, 0.25, 3, 108,
1, 46, 0.25, 3, 105,
1, 46, 0.25, 3, 105,
1, 46, 0.25, 3, 112,
1, 46, 0.25, 3, 114,
1, 46, 0.25, 3, 113,
1, 46, 0.25, 3, 113,
1, 46, 0.25, 3, 116,
1, 46, 0.25, 3, 108,
1, 46, 0.25, 3, 129,
1, 46, 0.25, 3, 112,
1, 46, 0.25, 3, 104,
1, 46, 0.25, 3, 114,
1, 46, 0.25, 3, 91,
1, 46, 0.25, 3, 107,
1, 46, 0.25, 3, 110,
1, 46, 0.25, 3, 108,
1, 46, 0.25, 3, 107,
1, 46, 0.25, 3, 110,
1, 46, 0.25, 3, 97,
-,-
1, 51, 0.25, 3, 114,
1, 51, 0.25, 3, 123,
1, 51, 0.25, 3, 137,
1, 51, 0.25, 3, 120,
1, 51, 0.25, 3, 121,
1, 51, 0.25, 3, 109,
1, 51, 0.25, 3, 103,
1, 51, 0.25, 3, 96,
1, 51, 0.25, 3, 111,
1, 51, 0.25, 3, 131,
1, 51, 0.25, 3, 118,
1, 51, 0.25, 3, 114,
1, 51, 0.25, 3, 97,
1, 51, 0.25, 3, 117,
1, 51, 0.25, 3, 142,
1, 51, 0.25, 3, 136,
1, 51, 0.25, 3, 106,
1, 51, 0.25, 3, 130,
1, 51, 0.25, 3, 113,
1, 51, 0.25, 3, 142,
1, 51, 0.25, 3, 127,
1, 51, 0.25, 3, 110,
1, 51, 0.25, 3, 128,
1, 51, 0.25, 3, 118,
1, 51, 0.25, 3, 132,
1, 51, 0.25, 3, 115,
1, 51, 0.25, 3, 111,
1, 51, 0.25, 3, 153,
1, 51, 0.25, 3, 116,
1, 51, 0.25, 3, 128,
1, 51, 0.25, 3, 114,
1, 51, 0.25, 3, 126,
1, 51, 0.25, 3, 130,
1, 51, 0.25, 3, 124,
1, 51, 0.25, 3, 126,
1, 51, 0.25, 3, 114,
1, 51, 0.25, 3, 119,
1, 51, 0.25, 3, 116,
1, 51, 0.25, 3, 142,
1, 51, 0.25, 3, 130,
1, 51, 0.25, 3, 98,
1, 51, 0.25, 3, 116,
1, 51, 0.25, 3, 111,
1, 51, 0.25, 3, 130,
1, 51, 0.25, 3, 117,
1, 51, 0.25, 3, 105,
1, 51, 0.25, 3, 115,
1, 51, 0.25, 3, 95,
1, 51, 0.25, 3, 142,
1, 51, 0.25, 3, 154,
1, 51, 0.25, 3, 104,
-,-
1, 56, 0.25, 3, 115,
1, 56, 0.25, 3, 122,
1, 56, 0.25, 3, 128,
1, 56, 0.25, 3, 145,
1, 56, 0.25, 3, 148,
1, 56, 0.25, 3, 127,
1, 56, 0.25, 3, 133,
1, 56, 0.25, 3, 127,
1, 56, 0.25, 3, 126,
1, 56, 0.25, 3, 143,
1, 56, 0.25, 3, 121,
1, 56, 0.25, 3, 106,
1, 56, 0.25, 3, 128,
1, 56, 0.25, 3, 130,
1, 56, 0.25, 3, 126,
1, 56, 0.25, 3, 138,
1, 56, 0.25, 3, 148,
1, 56, 0.25, 3, 126,
1, 56, 0.25, 3, 134,
1, 56, 0.25, 3, 127,
1, 56, 0.25, 3, 148,
1, 56, 0.25, 3, 117,
1, 56, 0.25, 3, 121,
1, 56, 0.25, 3, 149,
1, 56, 0.25, 3, 134,
1, 56, 0.25, 3, 140,
1, 56, 0.25, 3, 148,
1, 56, 0.25, 3, 130,
1, 56, 0.25, 3, 127,
1, 56, 0.25, 3, 147,
1, 56, 0.25, 3, 118,
1, 56, 0.25, 3, 127,
1, 56, 0.25, 3, 129,
1, 56, 0.25, 3, 138,
1, 56, 0.25, 3, 123,
1, 56, 0.25, 3, 121,
1, 56, 0.25, 3, 121,
1, 56, 0.25, 3, 111,
1, 56, 0.25, 3, 119,
1, 56, 0.25, 3, 115,
1, 56, 0.25, 3, 130,
1, 56, 0.25, 3, 128,
1, 56, 0.25, 3, 161,
1, 56, 0.25, 3, 138,
1, 56, 0.25, 3, 148,
1, 56, 0.25, 3, 127,
1, 56, 0.25, 3, 124,
1, 56, 0.25, 3, 109,
1, 56, 0.25, 3, 126,
1, 56, 0.25, 3, 184,
1, 56, 0.25, 3, 139,
-,-
1, 61, 0.25, 3, 151,
1, 61, 0.25, 3, 154,
1, 61, 0.25, 3, 167,
1, 61, 0.25, 3, 118,
1, 61, 0.25, 3, 147,
1, 61, 0.25, 3, 133,
1, 61, 0.25, 3, 155,
1, 61, 0.25, 3, 153,
1, 61, 0.25, 3, 128,
1, 61, 0.25, 3, 139,
1, 61, 0.25, 3, 135,
1, 61, 0.25, 3, 142,
1, 61, 0.25, 3, 146,
1, 61, 0.25, 3, 162,
1, 61, 0.25, 3, 126,
1, 61, 0.25, 3, 145,
1, 61, 0.25, 3, 145,
1, 61, 0.25, 3, 150,
1, 61, 0.25, 3, 151,
1, 61, 0.25, 3, 143,
1, 61, 0.25, 3, 127,
1, 61, 0.25, 3, 141,
1, 61, 0.25, 3, 165,
1, 61, 0.25, 3, 157,
1, 61, 0.25, 3, 124,
1, 61, 0.25, 3, 143,
1, 61, 0.25, 3, 188,
1, 61, 0.25, 3, 147,
1, 61, 0.25, 3, 140,
1, 61, 0.25, 3, 135,
1, 61, 0.25, 3, 153,
1, 61, 0.25, 3, 125,
1, 61, 0.25, 3, 156,
1, 61, 0.25, 3, 142,
1, 61, 0.25, 3, 146,
1, 61, 0.25, 3, 132,
1, 61, 0.25, 3, 140,
1, 61, 0.25, 3, 133,
1, 61, 0.25, 3, 171,
1, 61, 0.25, 3, 166,
1, 61, 0.25, 3, 155,
1, 61, 0.25, 3, 134,
1, 61, 0.25, 3, 142,
1, 61, 0.25, 3, 154,
1, 61, 0.25, 3, 135,
1, 61, 0.25, 3, 143,
1, 61, 0.25, 3, 142,
1, 61, 0.25, 3, 147,
1, 61, 0.25, 3, 139,
1, 61, 0.25, 3, 133,
1, 61, 0.25, 3, 150,
-,-
1, 66, 0.25, 3, 195,
1, 66, 0.25, 3, 161,
1, 66, 0.25, 3, 150,
1, 66, 0.25, 3, 190,
1, 66, 0.25, 3, 159,
1, 66, 0.25, 3, 144,
1, 66, 0.25, 3, 164,
1, 66, 0.25, 3, 181,
1, 66, 0.25, 3, 157,
1, 66, 0.25, 3, 148,
1, 66, 0.25, 3, 158,
1, 66, 0.25, 3, 163,
1, 66, 0.25, 3, 174,
1, 66, 0.25, 3, 137,
1, 66, 0.25, 3, 161,
1, 66, 0.25, 3, 164,
1, 66, 0.25, 3, 189,
1, 66, 0.25, 3, 149,
1, 66, 0.25, 3, 141,
1, 66, 0.25, 3, 170,
1, 66, 0.25, 3, 204,
1, 66, 0.25, 3, 168,
1, 66, 0.25, 3, 144,
1, 66, 0.25, 3, 157,
1, 66, 0.25, 3, 158,
1, 66, 0.25, 3, 138,
1, 66, 0.25, 3, 160,
1, 66, 0.25, 3, 174,
1, 66, 0.25, 3, 162,
1, 66, 0.25, 3, 158,
1, 66, 0.25, 3, 144,
1, 66, 0.25, 3, 191,
1, 66, 0.25, 3, 137,
1, 66, 0.25, 3, 165,
1, 66, 0.25, 3, 169,
1, 66, 0.25, 3, 138,
1, 66, 0.25, 3, 147,
1, 66, 0.25, 3, 164,
1, 66, 0.25, 3, 150,
1, 66, 0.25, 3, 141,
1, 66, 0.25, 3, 179,
1, 66, 0.25, 3, 154,
1, 66, 0.25, 3, 164,
1, 66, 0.25, 3, 159,
1, 66, 0.25, 3, 150,
1, 66, 0.25, 3, 164,
1, 66, 0.25, 3, 173,
1, 66, 0.25, 3, 165,
1, 66, 0.25, 3, 151,
1, 66, 0.25, 3, 144,
1, 66, 0.25, 3, 149,
-,-
1, 71, 0.25, 3, 189,
1, 71, 0.25, 3, 152,
1, 71, 0.25, 3, 155,
1, 71, 0.25, 3, 181,
1, 71, 0.25, 3, 169,
1, 71, 0.25, 3, 184,
1, 71, 0.25, 3, 173,
1, 71, 0.25, 3, 178,
1, 71, 0.25, 3, 157,
1, 71, 0.25, 3, 191,
1, 71, 0.25, 3, 153,
1, 71, 0.25, 3, 185,
1, 71, 0.25, 3, 172,
1, 71, 0.25, 3, 191,
1, 71, 0.25, 3, 209,
1, 71, 0.25, 3, 203,
1, 71, 0.25, 3, 167,
1, 71, 0.25, 3, 182,
1, 71, 0.25, 3, 177,
1, 71, 0.25, 3, 145,
1, 71, 0.25, 3, 172,
1, 71, 0.25, 3, 180,
1, 71, 0.25, 3, 177,
1, 71, 0.25, 3, 171,
1, 71, 0.25, 3, 157,
1, 71, 0.25, 3, 159,
1, 71, 0.25, 3, 157,
1, 71, 0.25, 3, 186,
1, 71, 0.25, 3, 191,
1, 71, 0.25, 3, 173,
1, 71, 0.25, 3, 148,
1, 71, 0.25, 3, 193,
1, 71, 0.25, 3, 159,
1, 71, 0.25, 3, 169,
1, 71, 0.25, 3, 149,
1, 71, 0.25, 3, 190,
1, 71, 0.25, 3, 162,
1, 71, 0.25, 3, 201,
1, 71, 0.25, 3, 182,
1, 71, 0.25, 3, 167,
1, 71, 0.25, 3, 157,
1, 71, 0.25, 3, 153,
1, 71, 0.25, 3, 182,
1, 71, 0.25, 3, 194,
1, 71, 0.25, 3, 167,
1, 71, 0.25, 3, 150,
1, 71, 0.25, 3, 163,
1, 71, 0.25, 3, 149,
1, 71, 0.25, 3, 190,
1, 71, 0.25, 3, 176,
1, 71, 0.25, 3, 166,
-,-
1, 76, 0.25, 3, 181,
1, 76, 0.25, 3, 190,
1, 76, 0.25, 3, 172,
1, 76, 0.25, 3, 180,
1, 76, 0.25, 3, 173,
1, 76, 0.25, 3, 195,
1, 76, 0.25, 3, 177,
1, 76, 0.25, 3, 193,
1, 76, 0.25, 3, 180,
1, 76, 0.25, 3, 179,
1, 76, 0.25, 3, 186,
1, 76, 0.25, 3, 165,
1, 76, 0.25, 3, 169,
1, 76, 0.25, 3, 172,
1, 76, 0.25, 3, 168,
1, 76, 0.25, 3, 171,
1, 76, 0.25, 3, 157,
1, 76, 0.25, 3, 186,
1, 76, 0.25, 3, 203,
1, 76, 0.25, 3, 175,
1, 76, 0.25, 3, 168,
1, 76, 0.25, 3, 140,
1, 76, 0.25, 3, 187,
1, 76, 0.25, 3, 169,
1, 76, 0.25, 3, 185,
1, 76, 0.25, 3, 173,
1, 76, 0.25, 3, 187,
1, 76, 0.25, 3, 195,
1, 76, 0.25, 3, 187,
1, 76, 0.25, 3, 154,
1, 76, 0.25, 3, 191,
1, 76, 0.25, 3, 169,
1, 76, 0.25, 3, 187,
1, 76, 0.25, 3, 165,
1, 76, 0.25, 3, 205,
1, 76, 0.25, 3, 195,
1, 76, 0.25, 3, 189,
1, 76, 0.25, 3, 166,
1, 76, 0.25, 3, 165,
1, 76, 0.25, 3, 161,
1, 76, 0.25, 3, 177,
1, 76, 0.25, 3, 185,
1, 76, 0.25, 3, 182,
1, 76, 0.25, 3, 151,
1, 76, 0.25, 3, 178,
1, 76, 0.25, 3, 171,
1, 76, 0.25, 3, 160,
1, 76, 0.25, 3, 190,
1, 76, 0.25, 3, 158,
1, 76, 0.25, 3, 172,
1, 76, 0.25, 3, 185,
-,-
1, 81, 0.25, 3, 174,
1, 81, 0.25, 3, 196,
1, 81, 0.25, 3, 193,
1, 81, 0.25, 3, 216,
1, 81, 0.25, 3, 195,
1, 81, 0.25, 3, 198,
1, 81, 0.25, 3, 196,
1, 81, 0.25, 3, 190,
1, 81, 0.25, 3, 196,
1, 81, 0.25, 3, 202,
1, 81, 0.25, 3, 177,
1, 81, 0.25, 3, 182,
1, 81, 0.25, 3, 193,
1, 81, 0.25, 3, 197,
1, 81, 0.25, 3, 196,
1, 81, 0.25, 3, 189,
1, 81, 0.25, 3, 193,
1, 81, 0.25, 3, 192,
1, 81, 0.25, 3, 199,
1, 81, 0.25, 3, 228,
1, 81, 0.25, 3, 218,
1, 81, 0.25, 3, 193,
1, 81, 0.25, 3, 207,
1, 81, 0.25, 3, 153,
1, 81, 0.25, 3, 190,
1, 81, 0.25, 3, 188,
1, 81, 0.25, 3, 177,
1, 81, 0.25, 3, 168,
1, 81, 0.25, 3, 182,
1, 81, 0.25, 3, 204,
1, 81, 0.25, 3, 191,
1, 81, 0.25, 3, 203,
1, 81, 0.25, 3, 187,
1, 81, 0.25, 3, 189,
1, 81, 0.25, 3, 201,
1, 81, 0.25, 3, 177,
1, 81, 0.25, 3, 180,
1, 81, 0.25, 3, 188,
1, 81, 0.25, 3, 214,
1, 81, 0.25, 3, 169,
1, 81, 0.25, 3, 164,
1, 81, 0.25, 3, 182,
1, 81, 0.25, 3, 188,
1, 81, 0.25, 3, 202,
1, 81, 0.25, 3, 170,
1, 81, 0.25, 3, 183,
1, 81, 0.25, 3, 193,
1, 81, 0.25, 3, 172,
1, 81, 0.25, 3, 186,
1, 81, 0.25, 3, 209,
1, 81, 0.25, 3, 193,
-,-
1, 86, 0.25, 3, 253,
1, 86, 0.25, 3, 211,
1, 86, 0.25, 3, 229,
1, 86, 0.25, 3, 197,
1, 86, 0.25, 3, 209,
1, 86, 0.25, 3, 205,
1, 86, 0.25, 3, 235,
1, 86, 0.25, 3, 182,
1, 86, 0.25, 3, 213,
1, 86, 0.25, 3, 240,
1, 86, 0.25, 3, 183,
1, 86, 0.25, 3, 190,
1, 86, 0.25, 3, 241,
1, 86, 0.25, 3, 190,
1, 86, 0.25, 3, 178,
1, 86, 0.25, 3, 213,
1, 86, 0.25, 3, 196,
1, 86, 0.25, 3, 200,
1, 86, 0.25, 3, 202,
1, 86, 0.25, 3, 219,
1, 86, 0.25, 3, 203,
1, 86, 0.25, 3, 194,
1, 86, 0.25, 3, 212,
1, 86, 0.25, 3, 190,
1, 86, 0.25, 3, 202,
1, 86, 0.25, 3, 202,
1, 86, 0.25, 3, 201,
1, 86, 0.25, 3, 208,
1, 86, 0.25, 3, 212,
1, 86, 0.25, 3, 180,
1, 86, 0.25, 3, 220,
1, 86, 0.25, 3, 195,
1, 86, 0.25, 3, 202,
1, 86, 0.25, 3, 168,
1, 86, 0.25, 3, 212,
1, 86, 0.25, 3, 197,
1, 86, 0.25, 3, 207,
1, 86, 0.25, 3, 224,
1, 86, 0.25, 3, 199,
1, 86, 0.25, 3, 188,
1, 86, 0.25, 3, 230,
1, 86, 0.25, 3, 193,
1, 86, 0.25, 3, 215,
1, 86, 0.25, 3, 180,
1, 86, 0.25, 3, 204,
1, 86, 0.25, 3, 236,
1, 86, 0.25, 3, 206,
1, 86, 0.25, 3, 209,
1, 86, 0.25, 3, 197,
1, 86, 0.25, 3, 209,
1, 86, 0.25, 3, 181,
-,-
1, 91, 0.25, 3, 231,
1, 91, 0.25, 3, 203,
1, 91, 0.25, 3, 229,
1, 91, 0.25, 3, 228,
1, 91, 0.25, 3, 231,
1, 91, 0.25, 3, 184,
1, 91, 0.25, 3, 231,
1, 91, 0.25, 3, 237,
1, 91, 0.25, 3, 234,
1, 91, 0.25, 3, 211,
1, 91, 0.25, 3, 221,
1, 91, 0.25, 3, 210,
1, 91, 0.25, 3, 223,
1, 91, 0.25, 3, 228,
1, 91, 0.25, 3, 227,
1, 91, 0.25, 3, 208,
1, 91, 0.25, 3, 197,
1, 91, 0.25, 3, 231,
1, 91, 0.25, 3, 222,
1, 91, 0.25, 3, 209,
1, 91, 0.25, 3, 215,
1, 91, 0.25, 3, 233,
1, 91, 0.25, 3, 236,
1, 91, 0.25, 3, 228,
1, 91, 0.25, 3, 208,
1, 91, 0.25, 3, 202,
1, 91, 0.25, 3, 206,
1, 91, 0.25, 3, 218,
1, 91, 0.25, 3, 197,
1, 91, 0.25, 3, 214,
1, 91, 0.25, 3, 225,
1, 91, 0.25, 3, 192,
1, 91, 0.25, 3, 200,
1, 91, 0.25, 3, 221,
1, 91, 0.25, 3, 209,
1, 91, 0.25, 3, 234,
1, 91, 0.25, 3, 231,
1, 91, 0.25, 3, 240,
1, 91, 0.25, 3, 249,
1, 91, 0.25, 3, 229,
1, 91, 0.25, 3, 222,
1, 91, 0.25, 3, 197,
1, 91, 0.25, 3, 213,
1, 91, 0.25, 3, 241,
1, 91, 0.25, 3, 234,
1, 91, 0.25, 3, 196,
1, 91, 0.25, 3, 209,
1, 91, 0.25, 3, 244,
1, 91, 0.25, 3, 215,
1, 91, 0.25, 3, 234,
1, 91, 0.25, 3, 213,
-,-
1, 96, 0.25, 3, 261,
1, 96, 0.25, 3, 235,
1, 96, 0.25, 3, 207,
1, 96, 0.25, 3, 242,
1, 96, 0.25, 3, 226,
1, 96, 0.25, 3, 238,
1, 96, 0.25, 3, 252,
1, 96, 0.25, 3, 217,
1, 96, 0.25, 3, 262,
1, 96, 0.25, 3, 203,
1, 96, 0.25, 3, 234,
1, 96, 0.25, 3, 220,
1, 96, 0.25, 3, 221,
1, 96, 0.25, 3, 240,
1, 96, 0.25, 3, 200,
1, 96, 0.25, 3, 230,
1, 96, 0.25, 3, 257,
1, 96, 0.25, 3, 232,
1, 96, 0.25, 3, 210,
1, 96, 0.25, 3, 235,
1, 96, 0.25, 3, 240,
1, 96, 0.25, 3, 190,
1, 96, 0.25, 3, 248,
1, 96, 0.25, 3, 236,
1, 96, 0.25, 3, 251,
1, 96, 0.25, 3, 229,
1, 96, 0.25, 3, 203,
1, 96, 0.25, 3, 200,
1, 96, 0.25, 3, 249,
1, 96, 0.25, 3, 257,
1, 96, 0.25, 3, 236,
1, 96, 0.25, 3, 251,
1, 96, 0.25, 3, 239,
1, 96, 0.25, 3, 254,
1, 96, 0.25, 3, 220,
1, 96, 0.25, 3, 199,
1, 96, 0.25, 3, 235,
1, 96, 0.25, 3, 246,
1, 96, 0.25, 3, 243,
1, 96, 0.25, 3, 230,
1, 96, 0.25, 3, 246,
1, 96, 0.25, 3, 220,
1, 96, 0.25, 3, 232,
1, 96, 0.25, 3, 221,
1, 96, 0.25, 3, 244,
1, 96, 0.25, 3, 229,
1, 96, 0.25, 3, 230,
1, 96, 0.25, 3, 237,
1, 96, 0.25, 3, 244,
1, 96, 0.25, 3, 223,
1, 96, 0.25, 3, 227,
-,-
1, 101, 0.25, 3, 212,
1, 101, 0.25, 3, 218,
1, 101, 0.25, 3, 222,
1, 101, 0.25, 3, 210,
1, 101, 0.25, 3, 225,
1, 101, 0.25, 3, 230,
1, 101, 0.25, 3, 257,
1, 101, 0.25, 3, 256,
1, 101, 0.25, 3, 258,
1, 101, 0.25, 3, 223,
1, 101, 0.25, 3, 232,
1, 101, 0.25, 3, 247,
1, 101, 0.25, 3, 248,
1, 101, 0.25, 3, 230,
1, 101, 0.25, 3, 237,
1, 101, 0.25, 3, 242,
1, 101, 0.25, 3, 209,
1, 101, 0.25, 3, 195,
1, 101, 0.25, 3, 230,
1, 101, 0.25, 3, 223,
1, 101, 0.25, 3, 231,
1, 101, 0.25, 3, 285,
1, 101, 0.25, 3, 255,
1, 101, 0.25, 3, 216,
1, 101, 0.25, 3, 282,
1, 101, 0.25, 3, 226,
1, 101, 0.25, 3, 214,
1, 101, 0.25, 3, 252,
1, 101, 0.25, 3, 257,
1, 101, 0.25, 3, 239,
1, 101, 0.25, 3, 214,
1, 101, 0.25, 3, 240,
1, 101, 0.25, 3, 225,
1, 101, 0.25, 3, 236,
1, 101, 0.25, 3, 226,
1, 101, 0.25, 3, 230,
1, 101, 0.25, 3, 287,
1, 101, 0.25, 3, 261,
1, 101, 0.25, 3, 219,
1, 101, 0.25, 3, 257,
1, 101, 0.25, 3, 232,
1, 101, 0.25, 3, 213,
1, 101, 0.25, 3, 242,
1, 101, 0.25, 3, 251,
1, 101, 0.25, 3, 237,
1, 101, 0.25, 3, 220,
1, 101, 0.25, 3, 211,
1, 101, 0.25, 3, 230,
1, 101, 0.25, 3, 216,
1, 101, 0.25, 3, 247,
1, 101, 0.25, 3, 273,
-,-
1, 106, 0.25, 3, 266,
1, 106, 0.25, 3, 252,
1, 106, 0.25, 3, 268,
1, 106, 0.25, 3, 253,
1, 106, 0.25, 3, 220,
1, 106, 0.25, 3, 239,
1, 106, 0.25, 3, 262,
1, 106, 0.25, 3, 223,
1, 106, 0.25, 3, 224,
1, 106, 0.25, 3, 263,
1, 106, 0.25, 3, 262,
1, 106, 0.25, 3, 260,
1, 106, 0.25, 3, 256,
1, 106, 0.25, 3, 289,
1, 106, 0.25, 3, 261,
1, 106, 0.25, 3, 221,
1, 106, 0.25, 3, 238,
1, 106, 0.25, 3, 233,
1, 106, 0.25, 3, 267,
1, 106, 0.25, 3, 229,
1, 106, 0.25, 3, 304,
1, 106, 0.25, 3, 252,
1, 106, 0.25, 3, 243,
1, 106, 0.25, 3, 226,
1, 106, 0.25, 3, 258,
1, 106, 0.25, 3, 257,
1, 106, 0.25, 3, 244,
1, 106, 0.25, 3, 284,
1, 106, 0.25, 3, 226,
1, 106, 0.25, 3, 221,
1, 106, 0.25, 3, 229,
1, 106, 0.25, 3, 252,
1, 106, 0.25, 3, 246,
1, 106, 0.25, 3, 234,
1, 106, 0.25, 3, 242,
1, 106, 0.25, 3, 265,
1, 106, 0.25, 3, 261,
1, 106, 0.25, 3, 222,
1, 106, 0.25, 3, 246,
1, 106, 0.25, 3, 276,
1, 106, 0.25, 3, 243,
1, 106, 0.25, 3, 259,
1, 106, 0.25, 3, 225,
1, 106, 0.25, 3, 209,
1, 106, 0.25, 3, 230,
1, 106, 0.25, 3, 260,
1, 106, 0.25, 3, 245,
1, 106, 0.25, 3, 293,
1, 106, 0.25, 3, 249,
1, 106, 0.25, 3, 232,
1, 106, 0.25, 3, 246,
-,-
1, 111, 0.25, 3, 244,
1, 111, 0.25, 3, 250,
1, 111, 0.25, 3, 301,
1, 111, 0.25, 3, 264,
1, 111, 0.25, 3, 260,
1, 111, 0.25, 3, 248,
1, 111, 0.25, 3, 235,
1, 111, 0.25, 3, 307,
1, 111, 0.25, 3, 231,
1, 111, 0.25, 3, 257,
1, 111, 0.25, 3, 274,
1, 111, 0.25, 3, 267,
1, 111, 0.25, 3, 243,
1, 111, 0.25, 3, 261,
1, 111, 0.25, 3, 276,
1, 111, 0.25, 3, 264,
1, 111, 0.25, 3, 266,
1, 111, 0.25, 3, 289,
1, 111, 0.25, 3, 228,
1, 111, 0.25, 3, 266,
1, 111, 0.25, 3, 257,
1, 111, 0.25, 3, 267,
1, 111, 0.25, 3, 291,
1, 111, 0.25, 3, 261,
1, 111, 0.25, 3, 273,
1, 111, 0.25, 3, 288,
1, 111, 0.25, 3, 255,
1, 111, 0.25, 3, 265,
1, 111, 0.25, 3, 246,
1, 111, 0.25, 3, 262,
1, 111, 0.25, 3, 273,
1, 111, 0.25, 3, 268,
1, 111, 0.25, 3, 256,
1, 111, 0.25, 3, 258,
1, 111, 0.25, 3, 287,
1, 111, 0.25, 3, 245,
1, 111, 0.25, 3, 246,
1, 111, 0.25, 3, 234,
1, 111, 0.25, 3, 247,
1, 111, 0.25, 3, 236,
1, 111, 0.25, 3, 273,
1, 111, 0.25, 3, 274,
1, 111, 0.25, 3, 233,
1, 111, 0.25, 3, 259,
1, 111, 0.25, 3, 261,
1, 111, 0.25, 3, 259,
1, 111, 0.25, 3, 307,
1, 111, 0.25, 3, 311,
1, 111, 0.25, 3, 304,
1, 111, 0.25, 3, 280,
1, 111, 0.25, 3, 233,
-,-
1, 116, 0.25, 3, 242,
1, 116, 0.25, 3, 254,
1, 116, 0.25, 3, 243,
1, 116, 0.25, 3, 253,
1, 116, 0.25, 3, 241,
1, 116, 0.25, 3, 257,
1, 116, 0.25, 3, 248,
1, 116, 0.25, 3, 314,
1, 116, 0.25, 3, 259,
1, 116, 0.25, 3, 266,
1, 116, 0.25, 3, 232,
1, 116, 0.25, 3, 254,
1, 116, 0.25, 3, 256,
1, 116, 0.25, 3, 262,
1, 116, 0.25, 3, 293,
1, 116, 0.25, 3, 328,
1, 116, 0.25, 3, 244,
1, 116, 0.25, 3, 245,
1, 116, 0.25, 3, 275,
1, 116, 0.25, 3, 282,
1, 116, 0.25, 3, 285,
1, 116, 0.25, 3, 284,
1, 116, 0.25, 3, 271,
1, 116, 0.25, 3, 253,
1, 116, 0.25, 3, 244,
1, 116, 0.25, 3, 247,
1, 116, 0.25, 3, 245,
1, 116, 0.25, 3, 289,
1, 116, 0.25, 3, 254,
1, 116, 0.25, 3, 275,
1, 116, 0.25, 3, 281,
1, 116, 0.25, 3, 273,
1, 116, 0.25, 3, 271,
1, 116, 0.25, 3, 285,
1, 116, 0.25, 3, 291,
1, 116, 0.25, 3, 290,
1, 116, 0.25, 3, 248,
1, 116, 0.25, 3, 263,
1, 116, 0.25, 3, 280,
1, 116, 0.25, 3, 252,
1, 116, 0.25, 3, 239,
1, 116, 0.25, 3, 277,
1, 116, 0.25, 3, 225,
1, 116, 0.25, 3, 276,
1, 116, 0.25, 3, 269,
1, 116, 0.25, 3, 247,
1, 116, 0.25, 3, 269,
1, 116, 0.25, 3, 273,
1, 116, 0.25, 3, 262,
1, 116, 0.25, 3, 290,
1, 116, 0.25, 3, 284,
-,-
1, 121, 0.25, 3, 329,
1, 121, 0.25, 3, 305,
1, 121, 0.25, 3, 296,
1, 121, 0.25, 3, 254,
1, 121, 0.25, 3, 297,
1, 121, 0.25, 3, 272,
1, 121, 0.25, 3, 270,
1, 121, 0.25, 3, 296,
1, 121, 0.25, 3, 293,
1, 121, 0.25, 3, 267,
1, 121, 0.25, 3, 291,
1, 121, 0.25, 3, 290,
1, 121, 0.25, 3, 284,
1, 121, 0.25, 3, 287,
1, 121, 0.25, 3, 253,
1, 121, 0.25, 3, 288,
1, 121, 0.25, 3, 282,
1, 121, 0.25, 3, 281,
1, 121, 0.25, 3, 290,
1, 121, 0.25, 3, 261,
1, 121, 0.25, 3, 286,
1, 121, 0.25, 3, 288,
1, 121, 0.25, 3, 285,
1, 121, 0.25, 3, 300,
1, 121, 0.25, 3, 297,
1, 121, 0.25, 3, 297,
1, 121, 0.25, 3, 316,
1, 121, 0.25, 3, 271,
1, 121, 0.25, 3, 278,
1, 121, 0.25, 3, 269,
1, 121, 0.25, 3, 272,
1, 121, 0.25, 3, 260,
1, 121, 0.25, 3, 277,
1, 121, 0.25, 3, 272,
1, 121, 0.25, 3, 290,
1, 121, 0.25, 3, 272,
1, 121, 0.25, 3, 295,
1, 121, 0.25, 3, 277,
1, 121, 0.25, 3, 252,
1, 121, 0.25, 3, 274,
1, 121, 0.25, 3, 242,
1, 121, 0.25, 3, 293,
1, 121, 0.25, 3, 287,
1, 121, 0.25, 3, 252,
1, 121, 0.25, 3, 332,
1, 121, 0.25, 3, 274,
1, 121, 0.25, 3, 300,
1, 121, 0.25, 3, 290,
1, 121, 0.25, 3, 298,
1, 121, 0.25, 3, 279,
1, 121, 0.25, 3, 269,
-,-
1, 126, 0.25, 3, 297,
1, 126, 0.25, 3, 305,
1, 126, 0.25, 3, 291,
1, 126, 0.25, 3, 246,
1, 126, 0.25, 3, 320,
1, 126, 0.25, 3, 285,
1, 126, 0.25, 3, 310,
1, 126, 0.25, 3, 313,
1, 126, 0.25, 3, 305,
1, 126, 0.25, 3, 312,
1, 126, 0.25, 3, 282,
1, 126, 0.25, 3, 325,
1, 126, 0.25, 3, 299,
1, 126, 0.25, 3, 285,
1, 126, 0.25, 3, 309,
1, 126, 0.25, 3, 282,
1, 126, 0.25, 3, 300,
1, 126, 0.25, 3, 300,
1, 126, 0.25, 3, 279,
1, 126, 0.25, 3, 293,
1, 126, 0.25, 3, 311,
1, 126, 0.25, 3, 318,
1, 126, 0.25, 3, 276,
1, 126, 0.25, 3, 298,
1, 126, 0.25, 3, 284,
1, 126, 0.25, 3, 283,
1, 126, 0.25, 3, 313,
1, 126, 0.25, 3, 326,
1, 126, 0.25, 3, 306,
1, 126, 0.25, 3, 317,
1, 126, 0.25, 3, 314,
1, 126, 0.25, 3, 261,
1, 126, 0.25, 3, 316,
1, 126, 0.25, 3, 262,
1, 126, 0.25, 3, 290,
1, 126, 0.25, 3, 296,
1, 126, 0.25, 3, 320,
1, 126, 0.25, 3, 343,
1, 126, 0.25, 3, 253,
1, 126, 0.25, 3, 328,
1, 126, 0.25, 3, 314,
1, 126, 0.25, 3, 324,
1, 126, 0.25, 3, 312,
1, 126, 0.25, 3, 323,
1, 126, 0.25, 3, 335,
1, 126, 0.25, 3, 278,
1, 126, 0.25, 3, 291,
1, 126, 0.25, 3, 317,
1, 126, 0.25, 3, 305,
1, 126, 0.25, 3, 305,
1, 126, 0.25, 3, 270,
-,-
1, 131, 0.25, 3, 330,
1, 131, 0.25, 3, 331,
1, 131, 0.25, 3, 313,
1, 131, 0.25, 3, 297,
1, 131, 0.25, 3, 306,
1, 131, 0.25, 3, 349,
1, 131, 0.25, 3, 293,
1, 131, 0.25, 3, 312,
1, 131, 0.25, 3, 310,
1, 131, 0.25, 3, 307,
1, 131, 0.25, 3, 318,
1, 131, 0.25, 3, 315,
1, 131, 0.25, 3, 299,
1, 131, 0.25, 3, 298,
1, 131, 0.25, 3, 343,
1, 131, 0.25, 3, 272,
1, 131, 0.25, 3, 313,
1, 131, 0.25, 3, 288,
1, 131, 0.25, 3, 302,
1, 131, 0.25, 3, 307,
1, 131, 0.25, 3, 271,
1, 131, 0.25, 3, 343,
1, 131, 0.25, 3, 304,
1, 131, 0.25, 3, 308,
1, 131, 0.25, 3, 303,
1, 131, 0.25, 3, 295,
1, 131, 0.25, 3, 296,
1, 131, 0.25, 3, 294,
1, 131, 0.25, 3, 321,
1, 131, 0.25, 3, 344,
1, 131, 0.25, 3, 320,
1, 131, 0.25, 3, 311,
1, 131, 0.25, 3, 296,
1, 131, 0.25, 3, 309,
1, 131, 0.25, 3, 328,
1, 131, 0.25, 3, 311,
1, 131, 0.25, 3, 322,
1, 131, 0.25, 3, 299,
1, 131, 0.25, 3, 333,
1, 131, 0.25, 3, 322,
1, 131, 0.25, 3, 281,
1, 131, 0.25, 3, 306,
1, 131, 0.25, 3, 312,
1, 131, 0.25, 3, 317,
1, 131, 0.25, 3, 274,
1, 131, 0.25, 3, 325,
1, 131, 0.25, 3, 283,
1, 131, 0.25, 3, 281,
1, 131, 0.25, 3, 292,
1, 131, 0.25, 3, 309,
1, 131, 0.25, 3, 279,
-,-
1, 136, 0.25, 3, 313,
1, 136, 0.25, 3, 318,
1, 136, 0.25, 3, 306,
1, 136, 0.25, 3, 292,
1, 136, 0.25, 3, 303,
1, 136, 0.25, 3, 298,
1, 136, 0.25, 3, 330,
1, 136, 0.25, 3, 322,
1, 136, 0.25, 3, 284,
1, 136, 0.25, 3, 315,
1, 136, 0.25, 3, 344,
1, 136, 0.25, 3, 304,
1, 136, 0.25, 3, 353,
1, 136, 0.25, 3, 312,
1, 136, 0.25, 3, 332,
1, 136, 0.25, 3, 304,
1, 136, 0.25, 3, 306,
1, 136, 0.25, 3, 276,
1, 136, 0.25, 3, 315,
1, 136, 0.25, 3, 311,
1, 136, 0.25, 3, 317,
1, 136, 0.25, 3, 284,
1, 136, 0.25, 3, 311,
1, 136, 0.25, 3, 298,
1, 136, 0.25, 3, 336,
1, 136, 0.25, 3, 326,
1, 136, 0.25, 3, 313,
1, 136, 0.25, 3, 286,
1, 136, 0.25, 3, 360,
1, 136, 0.25, 3, 296,
1, 136, 0.25, 3, 321,
1, 136, 0.25, 3, 321,
1, 136, 0.25, 3, 322,
1, 136, 0.25, 3, 320,
1, 136, 0.25, 3, 336,
1, 136, 0.25, 3, 325,
1, 136, 0.25, 3, 327,
1, 136, 0.25, 3, 312,
1, 136, 0.25, 3, 345,
1, 136, 0.25, 3, 284,
1, 136, 0.25, 3, 325,
1, 136, 0.25, 3, 360,
1, 136, 0.25, 3, 333,
1, 136, 0.25, 3, 308,
1, 136, 0.25, 3, 299,
1, 136, 0.25, 3, 344,
1, 136, 0.25, 3, 331,
1, 136, 0.25, 3, 292,
1, 136, 0.25, 3, 330,
1, 136, 0.25, 3, 330,
1, 136, 0.25, 3, 361,
-,-
1, 141, 0.25, 3, 307,
1, 141, 0.25, 3, 379,
1, 141, 0.25, 3, 339,
1, 141, 0.25, 3, 342,
1, 141, 0.25, 3, 323,
1, 141, 0.25, 3, 323,
1, 141, 0.25, 3, 328,
1, 141, 0.25, 3, 331,
1, 141, 0.25, 3, 316,
1, 141, 0.25, 3, 328,
1, 141, 0.25, 3, 302,
1, 141, 0.25, 3, 291,
1, 141, 0.25, 3, 331,
1, 141, 0.25, 3, 339,
1, 141, 0.25, 3, 340,
1, 141, 0.25, 3, 330,
1, 141, 0.25, 3, 322,
1, 141, 0.25, 3, 373,
1, 141, 0.25, 3, 366,
1, 141, 0.25, 3, 329,
1, 141, 0.25, 3, 346,
1, 141, 0.25, 3, 379,
1, 141, 0.25, 3, 371,
1, 141, 0.25, 3, 367,
1, 141, 0.25, 3, 360,
1, 141, 0.25, 3, 354,
1, 141, 0.25, 3, 320,
1, 141, 0.25, 3, 317,
1, 141, 0.25, 3, 314,
1, 141, 0.25, 3, 341,
1, 141, 0.25, 3, 334,
1, 141, 0.25, 3, 344,
1, 141, 0.25, 3, 340,
1, 141, 0.25, 3, 321,
1, 141, 0.25, 3, 334,
1, 141, 0.25, 3, 331,
1, 141, 0.25, 3, 321,
1, 141, 0.25, 3, 305,
1, 141, 0.25, 3, 332,
1, 141, 0.25, 3, 310,
1, 141, 0.25, 3, 354,
1, 141, 0.25, 3, 376,
1, 141, 0.25, 3, 367,
1, 141, 0.25, 3, 318,
1, 141, 0.25, 3, 319,
1, 141, 0.25, 3, 339,
1, 141, 0.25, 3, 300,
1, 141, 0.25, 3, 328,
1, 141, 0.25, 3, 330,
1, 141, 0.25, 3, 343,
1, 141, 0.25, 3, 343,
-,-
1, 146, 0.25, 3, 340,
1, 146, 0.25, 3, 318,
1, 146, 0.25, 3, 361,
1, 146, 0.25, 3, 346,
1, 146, 0.25, 3, 330,
1, 146, 0.25, 3, 311,
1, 146, 0.25, 3, 328,
1, 146, 0.25, 3, 376,
1, 146, 0.25, 3, 344,
1, 146, 0.25, 3, 359,
1, 146, 0.25, 3, 328,
1, 146, 0.25, 3, 374,
1, 146, 0.25, 3, 309,
1, 146, 0.25, 3, 349,
1, 146, 0.25, 3, 359,
1, 146, 0.25, 3, 363,
1, 146, 0.25, 3, 382,
1, 146, 0.25, 3, 335,
1, 146, 0.25, 3, 331,
1, 146, 0.25, 3, 362,
1, 146, 0.25, 3, 370,
1, 146, 0.25, 3, 391,
1, 146, 0.25, 3, 322,
1, 146, 0.25, 3, 375,
1, 146, 0.25, 3, 326,
1, 146, 0.25, 3, 314,
1, 146, 0.25, 3, 332,
1, 146, 0.25, 3, 348,
1, 146, 0.25, 3, 345,
1, 146, 0.25, 3, 349,
1, 146, 0.25, 3, 356,
1, 146, 0.25, 3, 367,
1, 146, 0.25, 3, 355,
1, 146, 0.25, 3, 355,
1, 146, 0.25, 3, 351,
1, 146, 0.25, 3, 353,
1, 146, 0.25, 3, 366,
1, 146, 0.25, 3, 327,
1, 146, 0.25, 3, 338,
1, 146, 0.25, 3, 324,
1, 146, 0.25, 3, 344,
1, 146, 0.25, 3, 326,
1, 146, 0.25, 3, 332,
1, 146, 0.25, 3, 345,
1, 146, 0.25, 3, 370,
1, 146, 0.25, 3, 348,
1, 146, 0.25, 3, 320,
1, 146, 0.25, 3, 327,
1, 146, 0.25, 3, 327,
1, 146, 0.25, 3, 370,
1, 146, 0.25, 3, 352,
-,-
1, 151, 0.25, 3, 370,
1, 151, 0.25, 3, 368,
1, 151, 0.25, 3, 352,
1, 151, 0.25, 3, 341,
1, 151, 0.25, 3, 341,
1, 151, 0.25, 3, 366,
1, 151, 0.25, 3, 342,
1, 151, 0.25, 3, 347,
1, 151, 0.25, 3, 350,
1, 151, 0.25, 3, 326,
1, 151, 0.25, 3, 364,
1, 151, 0.25, 3, 382,
1, 151, 0.25, 3, 341,
1, 151, 0.25, 3, 322,
1, 151, 0.25, 3, 383,
1, 151, 0.25, 3, 342,
1, 151, 0.25, 3, 346,
1, 151, 0.25, 3, 369,
1, 151, 0.25, 3, 333,
1, 151, 0.25, 3, 361,
1, 151, 0.25, 3, 305,
1, 151, 0.25, 3, 376,
1, 151, 0.25, 3, 337,
1, 151, 0.25, 3, 353,
1, 151, 0.25, 3, 345,
1, 151, 0.25, 3, 332,
1, 151, 0.25, 3, 373,
1, 151, 0.25, 3, 314,
1, 151, 0.25, 3, 359,
1, 151, 0.25, 3, 367,
1, 151, 0.25, 3, 401,
1, 151, 0.25, 3, 368,
1, 151, 0.25, 3, 370,
1, 151, 0.25, 3, 321,
1, 151, 0.25, 3, 370,
1, 151, 0.25, 3, 345,
1, 151, 0.25, 3, 358,
1, 151, 0.25, 3, 346,
1, 151, 0.25, 3, 350,
1, 151, 0.25, 3, 396,
1, 151, 0.25, 3, 361,
1, 151, 0.25, 3, 380,
1, 151, 0.25, 3, 350,
1, 151, 0.25, 3, 327,
1, 151, 0.25, 3, 345,
1, 151, 0.25, 3, 334,
1, 151, 0.25, 3, 372,
1, 151, 0.25, 3, 368,
1, 151, 0.25, 3, 341,
1, 151, 0.25, 3, 381,
1, 151, 0.25, 3, 374,
-,-
1, 156, 0.25, 3, 383,
1, 156, 0.25, 3, 367,
1, 156, 0.25, 3, 346,
1, 156, 0.25, 3, 348,
1, 156, 0.25, 3, 406,
1, 156, 0.25, 3, 348,
1, 156, 0.25, 3, 322,
1, 156, 0.25, 3, 384,
1, 156, 0.25, 3, 401,
1, 156, 0.25, 3, 411,
1, 156, 0.25, 3, 370,
1, 156, 0.25, 3, 377,
1, 156, 0.25, 3, 391,
1, 156, 0.25, 3, 384,
1, 156, 0.25, 3, 363,
1, 156, 0.25, 3, 340,
1, 156, 0.25, 3, 363,
1, 156, 0.25, 3, 384,
1, 156, 0.25, 3, 406,
1, 156, 0.25, 3, 346,
1, 156, 0.25, 3, 357,
1, 156, 0.25, 3, 379,
1, 156, 0.25, 3, 366,
1, 156, 0.25, 3, 419,
1, 156, 0.25, 3, 348,
1, 156, 0.25, 3, 418,
1, 156, 0.25, 3, 339,
1, 156, 0.25, 3, 360,
1, 156, 0.25, 3, 383,
1, 156, 0.25, 3, 383,
1, 156, 0.25, 3, 386,
1, 156, 0.25, 3, 376,
1, 156, 0.25, 3, 348,
1, 156, 0.25, 3, 375,
1, 156, 0.25, 3, 386,
1, 156, 0.25, 3, 383,
1, 156, 0.25, 3, 329,
1, 156, 0.25, 3, 344,
1, 156, 0.25, 3, 366,
1, 156, 0.25, 3, 370,
1, 156, 0.25, 3, 404,
1, 156, 0.25, 3, 339,
1, 156, 0.25, 3, 416,
1, 156, 0.25, 3, 348,
1, 156, 0.25, 3, 363,
1, 156, 0.25, 3, 358,
1, 156, 0.25, 3, 381,
1, 156, 0.25, 3, 369,
1, 156, 0.25, 3, 345,
1, 156, 0.25, 3, 392,
1, 156, 0.25, 3, 364,
-,-
1, 161, 0.25, 3, 352,
1, 161, 0.25, 3, 360,
1, 161, 0.25, 3, 382,
1, 161, 0.25, 3, 363,
1, 161, 0.25, 3, 401,
1, 161, 0.25, 3, 360,
1, 161, 0.25, 3, 356,
1, 161, 0.25, 3, 372,
1, 161, 0.25, 3, 375,
1, 161, 0.25, 3, 434,
1, 161, 0.25, 3, 346,
1, 161, 0.25, 3, 350,
1, 161, 0.25, 3, 321,
1, 161, 0.25, 3, 376,
1, 161, 0.25, 3, 402,
1, 161, 0.25, 3, 378,
1, 161, 0.25, 3, 361,
1, 161, 0.25, 3, 392,
1, 161, 0.25, 3, 412,
1, 161, 0.25, 3, 332,
1, 161, 0.25, 3, 351,
1, 161, 0.25, 3, 325,
1, 161, 0.25, 3, 353,
1, 161, 0.25, 3, 406,
1, 161, 0.25, 3, 383,
1, 161, 0.25, 3, 373,
1, 161, 0.25, 3, 396,
1, 161, 0.25, 3, 413,
1, 161, 0.25, 3, 352,
1, 161, 0.25, 3, 364,
1, 161, 0.25, 3, 375,
1, 161, 0.25, 3, 370,
1, 161, 0.25, 3, 337,
1, 161, 0.25, 3, 321,
1, 161, 0.25, 3, 412,
1, 161, 0.25, 3, 334,
1, 161, 0.25, 3, 351,
1, 161, 0.25, 3, 352,
1, 161, 0.25, 3, 366,
1, 161, 0.25, 3, 365,
1, 161, 0.25, 3, 349,
1, 161, 0.25, 3, 420,
1, 161, 0.25, 3, 379,
1, 161, 0.25, 3, 372,
1, 161, 0.25, 3, 396,
1, 161, 0.25, 3, 352,
1, 161, 0.25, 3, 374,
1, 161, 0.25, 3, 408,
1, 161, 0.25, 3, 361,
1, 161, 0.25, 3, 385,
1, 161, 0.25, 3, 427,
-,-
1, 166, 0.25, 3, 369,
1, 166, 0.25, 3, 387,
1, 166, 0.25, 3, 398,
1, 166, 0.25, 3, 404,
1, 166, 0.25, 3, 368,
1, 166, 0.25, 3, 364,
1, 166, 0.25, 3, 359,
1, 166, 0.25, 3, 386,
1, 166, 0.25, 3, 379,
1, 166, 0.25, 3, 386,
1, 166, 0.25, 3, 389,
1, 166, 0.25, 3, 408,
1, 166, 0.25, 3, 380,
1, 166, 0.25, 3, 407,
1, 166, 0.25, 3, 438,
1, 166, 0.25, 3, 360,
1, 166, 0.25, 3, 385,
1, 166, 0.25, 3, 389,
1, 166, 0.25, 3, 371,
1, 166, 0.25, 3, 371,
1, 166, 0.25, 3, 416,
1, 166, 0.25, 3, 408,
1, 166, 0.25, 3, 442,
1, 166, 0.25, 3, 405,
1, 166, 0.25, 3, 358,
1, 166, 0.25, 3, 349,
1, 166, 0.25, 3, 413,
1, 166, 0.25, 3, 393,
1, 166, 0.25, 3, 387,
1, 166, 0.25, 3, 396,
1, 166, 0.25, 3, 357,
1, 166, 0.25, 3, 400,
1, 166, 0.25, 3, 367,
1, 166, 0.25, 3, 424,
1, 166, 0.25, 3, 375,
1, 166, 0.25, 3, 381,
1, 166, 0.25, 3, 363,
1, 166, 0.25, 3, 390,
1, 166, 0.25, 3, 364,
1, 166, 0.25, 3, 430,
1, 166, 0.25, 3, 397,
1, 166, 0.25, 3, 393,
1, 166, 0.25, 3, 379,
1, 166, 0.25, 3, 401,
1, 166, 0.25, 3, 366,
1, 166, 0.25, 3, 351,
1, 166, 0.25, 3, 353,
1, 166, 0.25, 3, 362,
1, 166, 0.25, 3, 428,
1, 166, 0.25, 3, 385,
1, 166, 0.25, 3, 378,
-,-
1, 171, 0.25, 3, 366,
1, 171, 0.25, 3, 431,
1, 171, 0.25, 3, 488,
1, 171, 0.25, 3, 424,
1, 171, 0.25, 3, 410,
1, 171, 0.25, 3, 393,
1, 171, 0.25, 3, 411,
1, 171, 0.25, 3, 389,
1, 171, 0.25, 3, 389,
1, 171, 0.25, 3, 418,
1, 171, 0.25, 3, 387,
1, 171, 0.25, 3, 367,
1, 171, 0.25, 3, 430,
1, 171, 0.25, 3, 432,
1, 171, 0.25, 3, 420,
1, 171, 0.25, 3, 386,
1, 171, 0.25, 3, 420,
1, 171, 0.25, 3, 416,
1, 171, 0.25, 3, 384,
1, 171, 0.25, 3, 404,
1, 171, 0.25, 3, 399,
1, 171, 0.25, 3, 417,
1, 171, 0.25, 3, 390,
1, 171, 0.25, 3, 403,
1, 171, 0.25, 3, 371,
1, 171, 0.25, 3, 422,
1, 171, 0.25, 3, 386,
1, 171, 0.25, 3, 407,
1, 171, 0.25, 3, 416,
1, 171, 0.25, 3, 407,
1, 171, 0.25, 3, 381,
1, 171, 0.25, 3, 365,
1, 171, 0.25, 3, 399,
1, 171, 0.25, 3, 396,
1, 171, 0.25, 3, 390,
1, 171, 0.25, 3, 394,
1, 171, 0.25, 3, 375,
1, 171, 0.25, 3, 377,
1, 171, 0.25, 3, 427,
1, 171, 0.25, 3, 401,
1, 171, 0.25, 3, 403,
1, 171, 0.25, 3, 382,
1, 171, 0.25, 3, 416,
1, 171, 0.25, 3, 376,
1, 171, 0.25, 3, 408,
1, 171, 0.25, 3, 389,
1, 171, 0.25, 3, 389,
1, 171, 0.25, 3, 402,
1, 171, 0.25, 3, 422,
1, 171, 0.25, 3, 418,
1, 171, 0.25, 3, 373,
-,-
1, 176, 0.25, 3, 431,
1, 176, 0.25, 3, 397,
1, 176, 0.25, 3, 393,
1, 176, 0.25, 3, 417,
1, 176, 0.25, 3, 417,
1, 176, 0.25, 3, 434,
1, 176, 0.25, 3, 428,
1, 176, 0.25, 3, 444,
1, 176, 0.25, 3, 413,
1, 176, 0.25, 3, 442,
1, 176, 0.25, 3, 380,
1, 176, 0.25, 3, 455,
1, 176, 0.25, 3, 405,
1, 176, 0.25, 3, 395,
1, 176, 0.25, 3, 464,
1, 176, 0.25, 3, 386,
1, 176, 0.25, 3, 411,
1, 176, 0.25, 3, 449,
1, 176, 0.25, 3, 422,
1, 176, 0.25, 3, 450,
1, 176, 0.25, 3, 394,
1, 176, 0.25, 3, 442,
1, 176, 0.25, 3, 411,
1, 176, 0.25, 3, 415,
1, 176, 0.25, 3, 444,
1, 176, 0.25, 3, 398,
1, 176, 0.25, 3, 471,
1, 176, 0.25, 3, 421,
1, 176, 0.25, 3, 388,
1, 176, 0.25, 3, 450,
1, 176, 0.25, 3, 428,
1, 176, 0.25, 3, 442,
1, 176, 0.25, 3, 388,
1, 176, 0.25, 3, 380,
1, 176, 0.25, 3, 418,
1, 176, 0.25, 3, 411,
1, 176, 0.25, 3, 425,
1, 176, 0.25, 3, 395,
1, 176, 0.25, 3, 395,
1, 176, 0.25, 3, 433,
1, 176, 0.25, 3, 412,
1, 176, 0.25, 3, 416,
1, 176, 0.25, 3, 425,
1, 176, 0.25, 3, 391,
1, 176, 0.25, 3, 428,
1, 176, 0.25, 3, 388,
1, 176, 0.25, 3, 453,
1, 176, 0.25, 3, 389,
1, 176, 0.25, 3, 379,
1, 176, 0.25, 3, 379,
1, 176, 0.25, 3, 376,
-,-
1, 181, 0.25, 3, 393,
1, 181, 0.25, 3, 425,
1, 181, 0.25, 3, 410,
1, 181, 0.25, 3, 446,
1, 181, 0.25, 3, 425,
1, 181, 0.25, 3, 417,
1, 181, 0.25, 3, 433,
1, 181, 0.25, 3, 375,
1, 181, 0.25, 3, 396,
1, 181, 0.25, 3, 441,
1, 181, 0.25, 3, 401,
1, 181, 0.25, 3, 405,
1, 181, 0.25, 3, 390,
1, 181, 0.25, 3, 434,
1, 181, 0.25, 3, 404,
1, 181, 0.25, 3, 432,
1, 181, 0.25, 3, 453,
1, 181, 0.25, 3, 462,
1, 181, 0.25, 3, 429,
1, 181, 0.25, 3, 370,
1, 181, 0.25, 3, 425,
1, 181, 0.25, 3, 442,
1, 181, 0.25, 3, 403,
1, 181, 0.25, 3, 434,
1, 181, 0.25, 3, 436,
1, 181, 0.25, 3, 473,
1, 181, 0.25, 3, 435,
1, 181, 0.25, 3, 410,
1, 181, 0.25, 3, 429,
1, 181, 0.25, 3, 410,
1, 181, 0.25, 3, 410,
1, 181, 0.25, 3, 406,
1, 181, 0.25, 3, 418,
1, 181, 0.25, 3, 409,
1, 181, 0.25, 3, 402,
1, 181, 0.25, 3, 442,
1, 181, 0.25, 3, 399,
1, 181, 0.25, 3, 421,
1, 181, 0.25, 3, 400,
1, 181, 0.25, 3, 371,
1, 181, 0.25, 3, 393,
1, 181, 0.25, 3, 507,
1, 181, 0.25, 3, 403,
1, 181, 0.25, 3, 436,
1, 181, 0.25, 3, 456,
1, 181, 0.25, 3, 431,
1, 181, 0.25, 3, 444,
1, 181, 0.25, 3, 348,
1, 181, 0.25, 3, 438,
1, 181, 0.25, 3, 413,
1, 181, 0.25, 3, 391,
-,-
1, 186, 0.25, 3, 420,
1, 186, 0.25, 3, 415,
1, 186, 0.25, 3, 396,
1, 186, 0.25, 3, 436,
1, 186, 0.25, 3, 453,
1, 186, 0.25, 3, 479,
1, 186, 0.25, 3, 455,
1, 186, 0.25, 3, 435,
1, 186, 0.25, 3, 441,
1, 186, 0.25, 3, 462,
1, 186, 0.25, 3, 438,
1, 186, 0.25, 3, 422,
1, 186, 0.25, 3, 424,
1, 186, 0.25, 3, 428,
1, 186, 0.25, 3, 448,
1, 186, 0.25, 3, 432,
1, 186, 0.25, 3, 386,
1, 186, 0.25, 3, 443,
1, 186, 0.25, 3, 435,
1, 186, 0.25, 3, 457,
1, 186, 0.25, 3, 400,
1, 186, 0.25, 3, 476,
1, 186, 0.25, 3, 426,
1, 186, 0.25, 3, 461,
1, 186, 0.25, 3, 432,
1, 186, 0.25, 3, 420,
1, 186, 0.25, 3, 401,
1, 186, 0.25, 3, 434,
1, 186, 0.25, 3, 428,
1, 186, 0.25, 3, 412,
1, 186, 0.25, 3, 411,
1, 186, 0.25, 3, 430,
1, 186, 0.25, 3, 407,
1, 186, 0.25, 3, 468,
1, 186, 0.25, 3, 429,
1, 186, 0.25, 3, 426,
1, 186, 0.25, 3, 484,
1, 186, 0.25, 3, 412,
1, 186, 0.25, 3, 421,
1, 186, 0.25, 3, 466,
1, 186, 0.25, 3, 450,
1, 186, 0.25, 3, 404,
1, 186, 0.25, 3, 449,
1, 186, 0.25, 3, 408,
1, 186, 0.25, 3, 464,
1, 186, 0.25, 3, 422,
1, 186, 0.25, 3, 435,
1, 186, 0.25, 3, 451,
1, 186, 0.25, 3, 482,
1, 186, 0.25, 3, 434,
1, 186, 0.25, 3, 423,
-,-
1, 191, 0.25, 3, 414,
1, 191, 0.25, 3, 481,
1, 191, 0.25, 3, 460,
1, 191, 0.25, 3, 412,
1, 191, 0.25, 3, 494,
1, 191, 0.25, 3, 454,
1, 191, 0.25, 3, 462,
1, 191, 0.25, 3, 469,
1, 191, 0.25, 3, 428,
1, 191, 0.25, 3, 418,
1, 191, 0.25, 3, 466,
1, 191, 0.25, 3, 414,
1, 191, 0.25, 3, 432,
1, 191, 0.25, 3, 430,
1, 191, 0.25, 3, 445,
1, 191, 0.25, 3, 441,
1, 191, 0.25, 3, 430,
1, 191, 0.25, 3, 449,
1, 191, 0.25, 3, 439,
1, 191, 0.25, 3, 424,
1, 191, 0.25, 3, 410,
1, 191, 0.25, 3, 477,
1, 191, 0.25, 3, 418,
1, 191, 0.25, 3, 420,
1, 191, 0.25, 3, 408,
1, 191, 0.25, 3, 436,
1, 191, 0.25, 3, 433,
1, 191, 0.25, 3, 474,
1, 191, 0.25, 3, 425,
1, 191, 0.25, 3, 451,
1, 191, 0.25, 3, 521,
1, 191, 0.25, 3, 405,
1, 191, 0.25, 3, 479,
1, 191, 0.25, 3, 433,
1, 191, 0.25, 3, 446,
1, 191, 0.25, 3, 425,
1, 191, 0.25, 3, 467,
1, 191, 0.25, 3, 448,
1, 191, 0.25, 3, 449,
1, 191, 0.25, 3, 433,
1, 191, 0.25, 3, 460,
1, 191, 0.25, 3, 453,
1, 191, 0.25, 3, 453,
1, 191, 0.25, 3, 469,
1, 191, 0.25, 3, 511,
1, 191, 0.25, 3, 399,
1, 191, 0.25, 3, 444,
1, 191, 0.25, 3, 439,
1, 191, 0.25, 3, 438,
1, 191, 0.25, 3, 445,
1, 191, 0.25, 3, 465,
-,-
1, 196, 0.25, 3, 440,
1, 196, 0.25, 3, 454,
1, 196, 0.25, 3, 480,
1, 196, 0.25, 3, 444,
1, 196, 0.25, 3, 448,
1, 196, 0.25, 3, 493,
1, 196, 0.25, 3, 461,
1, 196, 0.25, 3, 470,
1, 196, 0.25, 3, 469,
1, 196, 0.25, 3, 481,
1, 196, 0.25, 3, 445,
1, 196, 0.25, 3, 429,
1, 196, 0.25, 3, 479,
1, 196, 0.25, 3, 451,
1, 196, 0.25, 3, 468,
1, 196, 0.25, 3, 392,
1, 196, 0.25, 3, 504,
1, 196, 0.25, 3, 458,
1, 196, 0.25, 3, 425,
1, 196, 0.25, 3, 489,
1, 196, 0.25, 3, 471,
1, 196, 0.25, 3, 478,
1, 196, 0.25, 3, 438,
1, 196, 0.25, 3, 405,
1, 196, 0.25, 3, 441,
1, 196, 0.25, 3, 453,
1, 196, 0.25, 3, 456,
1, 196, 0.25, 3, 488,
1, 196, 0.25, 3, 427,
1, 196, 0.25, 3, 426,
1, 196, 0.25, 3, 439,
1, 196, 0.25, 3, 477,
1, 196, 0.25, 3, 429,
1, 196, 0.25, 3, 479,
1, 196, 0.25, 3, 393,
1, 196, 0.25, 3, 426,
1, 196, 0.25, 3, 478,
1, 196, 0.25, 3, 437,
1, 196, 0.25, 3, 463,
1, 196, 0.25, 3, 477,
1, 196, 0.25, 3, 498,
1, 196, 0.25, 3, 484,
1, 196, 0.25, 3, 458,
1, 196, 0.25, 3, 485,
1, 196, 0.25, 3, 551,
1, 196, 0.25, 3, 462,
1, 196, 0.25, 3, 443,
1, 196, 0.25, 3, 456,
1, 196, 0.25, 3, 479,
1, 196, 0.25, 3, 431,
1, 196, 0.25, 3, 490,
-,-
